reporting_airline,scheduled_flights,cancelled_flights,operated_flights,delayed_departure_15_flights,positive_departure_delay_minutes,cancellation_rate,delay_15_rate,avg_delay_minutes
EV,839952.0,20729.0,819223.0,230689.0,14688403.0,0.0247,0.2816,17.9297
MQ,1581275.0,61113.0,1520162.0,352450.0,21663193.0,0.0386,0.2319,14.2506
AA,1882339.0,45491.0,1836848.0,421120.0,27479762.0,0.0242,0.2293,14.9603
UA,1439525.0,32708.0,1406817.0,317803.0,21920942.0,0.0227,0.2259,15.5819
B6,543273.0,7574.0,535699.0,118591.0,8578495.0,0.0139,0.2214,16.0136
YV,854056.0,30050.0,824006.0,181836.0,12992153.0,0.0352,0.2207,15.7671
OH,711738.0,22249.0,689489.0,150917.0,8919019.0,0.0313,0.2189,12.9357
CO,930995.0,8302.0,922693.0,194198.0,13108379.0,0.0089,0.2105,14.2067
WN,3469946.0,31333.0,3438613.0,719230.0,38962701.0,0.009,0.2092,11.3309
AS,470691.0,7132.0,463559.0,96411.0,5761876.0,0.0152,0.208,12.4296
TZ,19602.0,227.0,19375.0,4020.0,298453.0,0.0116,0.2075,15.404
XE,1250753.0,30508.0,1220245.0,245565.0,17253216.0,0.0244,0.2012,14.1391
FL,762488.0,6779.0,755709.0,150631.0,9337104.0,0.0089,0.1993,12.3554
US,1443880.0,21035.0,1422845.0,263816.0,15550212.0,0.0146,0.1854,10.929
OO,1713146.0,39464.0,1673682.0,298674.0,18890771.0,0.023,0.1785,11.287
F9,283703.0,1603.0,282100.0,47891.0,2475981.0,0.0057,0.1698,8.777
DL,1433906.0,21029.0,1412877.0,239256.0,14378584.0,0.0147,0.1693,10.1768
NW,1195058.0,15574.0,1179484.0,199494.0,12359090.0,0.013,0.1691,10.4784
9E,521059.0,15039.0,506020.0,77928.0,5412680.0,0.0289,0.154,10.6966
KH,89547.0,1175.0,88372.0,6367.0,344123.0,0.0131,0.072,3.894
HA,170174.0,1061.0,169113.0,8066.0,576111.0,0.0062,0.0477,3.4067
