day_of_week,scheduled_departure_hour,scheduled_flights,cancelled_flights,operated_flights,delayed_departure_15_flights,positive_departure_delay_minutes,cancellation_rate,delay_15_rate,avg_delay_minutes
1,0,4032.0,39.0,3993.0,721.0,45272.0,0.0097,0.1806,11.3378
1,1,1612.0,26.0,1586.0,277.0,14082.0,0.0161,0.1747,8.8789
1,2,409.0,5.0,404.0,65.0,3977.0,0.0122,0.1609,9.8441
1,3,181.0,4.0,177.0,40.0,3651.0,0.0221,0.226,20.6271
1,4,328.0,2.0,326.0,55.0,5475.0,0.0061,0.1687,16.7945
1,5,21069.0,434.0,20635.0,1288.0,109016.0,0.0206,0.0624,5.2831
1,6,229992.0,4102.0,225890.0,15289.0,1205912.0,0.0178,0.0677,5.3385
1,7,223191.0,3368.0,219823.0,20860.0,1431032.0,0.0151,0.0949,6.5099
1,8,218775.0,3299.0,215476.0,26706.0,1698235.0,0.0151,0.1239,7.8813
1,9,206152.0,3279.0,202873.0,30924.0,1852478.0,0.0159,0.1524,9.1312
1,10,201022.0,3209.0,197813.0,35387.0,2055572.0,0.016,0.1789,10.3915
1,11,208552.0,3416.0,205136.0,39647.0,2335751.0,0.0164,0.1933,11.3864
1,12,197024.0,3409.0,193615.0,40630.0,2449076.0,0.0173,0.2098,12.6492
1,13,204925.0,3712.0,201213.0,46089.0,2829907.0,0.0181,0.2291,14.0642
1,14,197177.0,3858.0,193319.0,47456.0,2955392.0,0.0196,0.2455,15.2876
1,15,193710.0,4165.0,189545.0,49145.0,3017977.0,0.0215,0.2593,15.9222
1,16,203660.0,4976.0,198684.0,53829.0,3411271.0,0.0244,0.2709,17.1693
1,17,214783.0,5142.0,209641.0,59498.0,3846337.0,0.0239,0.2838,18.3473
1,18,191788.0,4639.0,187149.0,54296.0,3537703.0,0.0242,0.2901,18.9031
1,19,185745.0,4215.0,181530.0,52616.0,3397331.0,0.0227,0.2898,18.715
1,20,129089.0,2586.0,126503.0,37693.0,2366061.0,0.02,0.298,18.7036
1,21,108453.0,1828.0,106625.0,28758.0,1741982.0,0.0169,0.2697,16.3375
1,22,39091.0,545.0,38546.0,8456.0,494304.0,0.0139,0.2194,12.8237
1,23,16414.0,160.0,16254.0,3336.0,191061.0,0.0097,0.2052,11.7547
2,0,3926.0,16.0,3910.0,613.0,36656.0,0.0041,0.1568,9.3749
2,1,1570.0,16.0,1554.0,232.0,13188.0,0.0102,0.1493,8.4865
2,2,382.0,4.0,378.0,48.0,2688.0,0.0105,0.127,7.1111
2,3,161.0,0.0,161.0,35.0,2277.0,0.0,0.2174,14.1429
2,4,323.0,1.0,322.0,40.0,2491.0,0.0031,0.1242,7.736
2,5,20903.0,415.0,20488.0,1121.0,97237.0,0.0199,0.0547,4.746
2,6,229475.0,4100.0,225375.0,12662.0,971781.0,0.0179,0.0562,4.3118
2,7,220301.0,3435.0,216866.0,16864.0,1120861.0,0.0156,0.0778,5.1684
2,8,215135.0,3258.0,211877.0,21957.0,1356507.0,0.0151,0.1036,6.4023
2,9,202519.0,3448.0,199071.0,25643.0,1483384.0,0.017,0.1288,7.4515
2,10,192831.0,3279.0,189552.0,28305.0,1604861.0,0.017,0.1493,8.4666
2,11,201918.0,3616.0,198302.0,31420.0,1775764.0,0.0179,0.1584,8.9548
2,12,192206.0,3603.0,188603.0,32782.0,1922851.0,0.0187,0.1738,10.1952
2,13,200020.0,4001.0,196019.0,37287.0,2257997.0,0.02,0.1902,11.5193
2,14,194063.0,4107.0,189956.0,39134.0,2393791.0,0.0212,0.206,12.6018
2,15,191030.0,4516.0,186514.0,41465.0,2554626.0,0.0236,0.2223,13.6967
2,16,201360.0,5332.0,196028.0,46263.0,2940016.0,0.0265,0.236,14.9979
2,17,212717.0,5582.0,207135.0,52679.0,3431491.0,0.0262,0.2543,16.5664
2,18,190219.0,5113.0,185106.0,48096.0,3157934.0,0.0269,0.2598,17.0601
2,19,183668.0,4854.0,178814.0,47351.0,3071624.0,0.0264,0.2648,17.1778
2,20,127192.0,3106.0,124086.0,34156.0,2190661.0,0.0244,0.2753,17.6544
2,21,106877.0,2161.0,104716.0,25830.0,1554637.0,0.0202,0.2467,14.8462
2,22,37387.0,591.0,36796.0,7405.0,433870.0,0.0158,0.2012,11.7912
2,23,14750.0,126.0,14624.0,2856.0,168923.0,0.0085,0.1953,11.5511
3,0,3755.0,13.0,3742.0,530.0,29378.0,0.0035,0.1416,7.8509
3,1,1555.0,14.0,1541.0,213.0,11831.0,0.009,0.1382,7.6775
3,2,320.0,0.0,320.0,30.0,2131.0,0.0,0.0938,6.6594
3,3,145.0,2.0,143.0,34.0,2098.0,0.0138,0.2378,14.6713
3,4,323.0,5.0,318.0,33.0,2567.0,0.0155,0.1038,8.0723
3,5,21041.0,391.0,20650.0,1114.0,99109.0,0.0186,0.0539,4.7995
3,6,230841.0,4320.0,226521.0,12612.0,979342.0,0.0187,0.0557,4.3234
3,7,222457.0,3933.0,218524.0,16924.0,1171328.0,0.0177,0.0774,5.3602
3,8,217087.0,3716.0,213371.0,22397.0,1418047.0,0.0171,0.105,6.6459
3,9,204343.0,3874.0,200469.0,26262.0,1554514.0,0.019,0.131,7.7544
3,10,197665.0,3768.0,193897.0,29776.0,1722184.0,0.0191,0.1536,8.882
3,11,205157.0,4040.0,201117.0,33372.0,1913195.0,0.0197,0.1659,9.5128
3,12,194126.0,3828.0,190298.0,34431.0,2031513.0,0.0197,0.1809,10.6754
3,13,203535.0,4011.0,199524.0,39574.0,2384693.0,0.0197,0.1983,11.9519
3,14,195329.0,3970.0,191359.0,41337.0,2517195.0,0.0203,0.216,13.1543
3,15,191844.0,4230.0,187614.0,44140.0,2662329.0,0.022,0.2353,14.1905
3,16,202529.0,4886.0,197643.0,49069.0,3064852.0,0.0241,0.2483,15.507
3,17,213642.0,5199.0,208443.0,55717.0,3564346.0,0.0243,0.2673,17.0999
3,18,190734.0,4646.0,186088.0,51674.0,3365124.0,0.0244,0.2777,18.0835
3,19,184617.0,4361.0,180256.0,51112.0,3302194.0,0.0236,0.2836,18.3195
3,20,128133.0,2883.0,125250.0,37127.0,2357534.0,0.0225,0.2964,18.8226
3,21,108095.0,2082.0,106013.0,27932.0,1703822.0,0.0193,0.2635,16.0718
3,22,38239.0,590.0,37649.0,7994.0,469787.0,0.0154,0.2123,12.4781
3,23,15963.0,145.0,15818.0,3387.0,193080.0,0.0091,0.2141,12.2063
4,0,3871.0,19.0,3852.0,597.0,33769.0,0.0049,0.155,8.7666
4,1,1561.0,8.0,1553.0,238.0,13527.0,0.0051,0.1533,8.7102
4,2,396.0,1.0,395.0,45.0,2548.0,0.0025,0.1139,6.4506
4,3,158.0,2.0,156.0,42.0,3066.0,0.0127,0.2692,19.6538
4,4,319.0,7.0,312.0,32.0,3422.0,0.0219,0.1026,10.9679
4,5,21151.0,376.0,20775.0,1138.0,95081.0,0.0178,0.0548,4.5767
4,6,231459.0,4018.0,227441.0,13235.0,1046754.0,0.0174,0.0582,4.6023
4,7,223682.0,3589.0,220093.0,17790.0,1215393.0,0.016,0.0808,5.5222
4,8,218542.0,3586.0,214956.0,23131.0,1470330.0,0.0164,0.1076,6.8401
4,9,205655.0,3562.0,202093.0,27260.0,1608660.0,0.0173,0.1349,7.96
4,10,200128.0,3457.0,196671.0,31793.0,1826442.0,0.0173,0.1617,9.2868
4,11,207586.0,3569.0,204017.0,36629.0,2102340.0,0.0172,0.1795,10.3047
4,12,195485.0,3523.0,191962.0,38337.0,2273776.0,0.018,0.1997,11.8449
4,13,203515.0,3832.0,199683.0,44886.0,2743867.0,0.0188,0.2248,13.7411
4,14,195223.0,3948.0,191275.0,47311.0,2936775.0,0.0202,0.2473,15.3537
4,15,191542.0,4388.0,187154.0,50863.0,3142135.0,0.0229,0.2718,16.789
4,16,201223.0,5298.0,195925.0,56926.0,3673010.0,0.0263,0.2905,18.747
4,17,212417.0,5757.0,206660.0,64965.0,4245427.0,0.0271,0.3144,20.5431
4,18,189899.0,5036.0,184863.0,61481.0,4104789.0,0.0265,0.3326,22.2045
4,19,184114.0,4797.0,179317.0,61519.0,4065522.0,0.0261,0.3431,22.6723
4,20,129021.0,3095.0,125926.0,45458.0,2989043.0,0.024,0.361,23.7365
4,21,108688.0,2136.0,106552.0,35007.0,2186128.0,0.0197,0.3285,20.517
4,22,39474.0,665.0,38809.0,10510.0,637880.0,0.0168,0.2708,16.4364
4,23,17802.0,232.0,17570.0,4813.0,286326.0,0.013,0.2739,16.2963
5,0,4017.0,31.0,3986.0,737.0,40634.0,0.0077,0.1849,10.1942
5,1,1597.0,12.0,1585.0,296.0,16645.0,0.0075,0.1868,10.5016
5,2,402.0,1.0,401.0,58.0,4504.0,0.0025,0.1446,11.2319
5,3,170.0,2.0,168.0,47.0,3340.0,0.0118,0.2798,19.881
5,4,324.0,1.0,323.0,35.0,3226.0,0.0031,0.1084,9.9876
5,5,21101.0,452.0,20649.0,1245.0,104924.0,0.0214,0.0603,5.0813
5,6,230365.0,4582.0,225783.0,14720.0,1131702.0,0.0199,0.0652,5.0123
5,7,223323.0,4005.0,219318.0,19974.0,1331389.0,0.0179,0.0911,6.0706
5,8,218481.0,3783.0,214698.0,26253.0,1648511.0,0.0173,0.1223,7.6783
5,9,205306.0,3832.0,201474.0,31036.0,1808263.0,0.0187,0.154,8.9752
5,10,199991.0,3541.0,196450.0,35897.0,2074761.0,0.0177,0.1827,10.5613
5,11,207533.0,3753.0,203780.0,41375.0,2363875.0,0.0181,0.203,11.6001
5,12,195813.0,3549.0,192264.0,43529.0,2590637.0,0.0181,0.2264,13.4744
5,13,203745.0,4029.0,199716.0,51031.0,3139088.0,0.0198,0.2555,15.7178
5,14,195888.0,4198.0,191690.0,53372.0,3297047.0,0.0214,0.2784,17.1999
5,15,192475.0,4784.0,187691.0,56784.0,3504330.0,0.0249,0.3025,18.6707
5,16,202690.0,5707.0,196983.0,62625.0,4037524.0,0.0282,0.3179,20.4968
5,17,214063.0,6271.0,207792.0,70324.0,4636382.0,0.0293,0.3384,22.3126
5,18,191542.0,5365.0,186177.0,65449.0,4345017.0,0.028,0.3515,23.3381
5,19,186040.0,5258.0,180782.0,65311.0,4294324.0,0.0283,0.3613,23.7542
5,20,130548.0,3281.0,127267.0,48466.0,3155423.0,0.0251,0.3808,24.7937
5,21,110141.0,2279.0,107862.0,36878.0,2268127.0,0.0207,0.3419,21.028
5,22,40596.0,762.0,39834.0,11128.0,670869.0,0.0188,0.2794,16.8416
5,23,17880.0,254.0,17626.0,4865.0,293144.0,0.0142,0.276,16.6313
6,0,4489.0,33.0,4456.0,801.0,42913.0,0.0074,0.1798,9.6304
6,1,1596.0,22.0,1574.0,294.0,16156.0,0.0138,0.1868,10.2643
6,2,413.0,8.0,405.0,62.0,3726.0,0.0194,0.1531,9.2
6,3,187.0,4.0,183.0,55.0,4190.0,0.0214,0.3005,22.8962
6,4,329.0,5.0,324.0,50.0,3632.0,0.0152,0.1543,11.2099
6,5,18114.0,407.0,17707.0,1185.0,95578.0,0.0225,0.0669,5.3978
6,6,187152.0,3861.0,183291.0,13737.0,1052665.0,0.0206,0.0749,5.7431
6,7,191024.0,3138.0,187886.0,17108.0,1180736.0,0.0164,0.0911,6.2843
6,8,203084.0,2953.0,200131.0,22909.0,1448903.0,0.0145,0.1145,7.2398
6,9,189192.0,2713.0,186479.0,26120.0,1559692.0,0.0143,0.1401,8.3639
6,10,182511.0,2389.0,180122.0,29187.0,1692222.0,0.0131,0.162,9.3949
6,11,187377.0,2500.0,184877.0,33016.0,1915326.0,0.0133,0.1786,10.36
6,12,183379.0,2483.0,180896.0,34519.0,2032314.0,0.0135,0.1908,11.2347
6,13,183524.0,2553.0,180971.0,37647.0,2255090.0,0.0139,0.208,12.4611
6,14,176247.0,2633.0,173614.0,38773.0,2308492.0,0.0149,0.2233,13.2967
6,15,163954.0,2526.0,161428.0,37776.0,2215062.0,0.0154,0.234,13.7217
6,16,172143.0,2805.0,169338.0,39710.0,2409936.0,0.0163,0.2345,14.2315
6,17,171561.0,2718.0,168843.0,41279.0,2521076.0,0.0158,0.2445,14.9315
6,18,148018.0,2329.0,145689.0,35068.0,2129649.0,0.0157,0.2407,14.6178
6,19,130498.0,2024.0,128474.0,31236.0,1870315.0,0.0155,0.2431,14.5579
6,20,81463.0,1169.0,80294.0,20189.0,1199518.0,0.0144,0.2514,14.9391
6,21,69582.0,995.0,68587.0,15291.0,874093.0,0.0143,0.2229,12.7443
6,22,30363.0,456.0,29907.0,5415.0,319169.0,0.015,0.1811,10.6721
6,23,14820.0,172.0,14648.0,2721.0,155605.0,0.0116,0.1858,10.623
7,0,4027.0,30.0,3997.0,500.0,30775.0,0.0074,0.1251,7.6995
7,1,1514.0,17.0,1497.0,239.0,14368.0,0.0112,0.1597,9.5979
7,2,384.0,5.0,379.0,41.0,3311.0,0.013,0.1082,8.7361
7,3,177.0,2.0,175.0,33.0,2627.0,0.0113,0.1886,15.0114
7,4,322.0,7.0,315.0,45.0,3278.0,0.0217,0.1429,10.4063
7,5,14060.0,274.0,13786.0,927.0,77674.0,0.0195,0.0672,5.6343
7,6,166117.0,2930.0,163187.0,10591.0,839121.0,0.0176,0.0649,5.1421
7,7,180864.0,2813.0,178051.0,13734.0,949746.0,0.0156,0.0771,5.3341
7,8,201597.0,2978.0,198619.0,19133.0,1247852.0,0.0148,0.0963,6.2826
7,9,194296.0,2828.0,191468.0,22968.0,1396373.0,0.0146,0.12,7.293
7,10,196001.0,2957.0,193044.0,27890.0,1659893.0,0.0151,0.1445,8.5985
7,11,202010.0,3104.0,198906.0,32136.0,1947767.0,0.0154,0.1616,9.7924
7,12,194381.0,3047.0,191334.0,35729.0,2193741.0,0.0157,0.1867,11.4655
7,13,200998.0,3421.0,197577.0,42233.0,2632580.0,0.017,0.2138,13.3243
7,14,194390.0,3523.0,190867.0,45580.0,2865616.0,0.0181,0.2388,15.0137
7,15,190198.0,3845.0,186353.0,48752.0,3018440.0,0.0202,0.2616,16.1974
7,16,201697.0,4616.0,197081.0,55515.0,3536222.0,0.0229,0.2817,17.943
7,17,212396.0,4871.0,207525.0,62582.0,4083950.0,0.0229,0.3016,19.6793
7,18,190620.0,4171.0,186449.0,58691.0,3864218.0,0.0219,0.3148,20.7253
7,19,184893.0,3893.0,181000.0,59462.0,3849957.0,0.0211,0.3285,21.2705
7,20,130193.0,2440.0,127753.0,44517.0,2838815.0,0.0187,0.3485,22.2211
7,21,109945.0,1918.0,108027.0,35057.0,2148330.0,0.0174,0.3245,19.887
7,22,40254.0,712.0,39542.0,10433.0,638424.0,0.0177,0.2638,16.1455
7,23,18228.0,239.0,17989.0,4480.0,265252.0,0.0131,0.249,14.7452
