year,month,scheduled_flights,cancelled_flights,operated_flights,delayed_departure_15_flights,positive_departure_delay_minutes,cancellation_rate,delay_15_rate,avg_delay_minutes
2006,1,581287.0,9787.0,571500.0,100690.0,5971302.0,0.0168,0.1762,10.4485
2006,2,531247.0,11293.0,519954.0,103086.0,5891392.0,0.0213,0.1983,11.3306
2006,3,605217.0,7586.0,597631.0,122135.0,7078286.0,0.0125,0.2044,11.8439
2006,4,585351.0,6604.0,578747.0,105919.0,6052389.0,0.0113,0.183,10.4577
2006,5,602919.0,7057.0,595862.0,110420.0,6425102.0,0.0117,0.1853,10.7829
2006,6,598315.0,10088.0,588227.0,137311.0,8710762.0,0.0169,0.2334,14.8085
2006,7,621244.0,10735.0,610509.0,138898.0,8950309.0,0.0173,0.2275,14.6604
2006,8,628732.0,9783.0,618949.0,125659.0,7573141.0,0.0156,0.203,12.2355
2006,9,584937.0,9950.0,574987.0,104649.0,6533040.0,0.017,0.182,11.3621
2006,10,611718.0,11399.0,600319.0,124653.0,7734990.0,0.0186,0.2076,12.8848
2006,11,586197.0,9558.0,576639.0,107841.0,6476824.0,0.0163,0.187,11.232
2006,12,604758.0,18094.0,586664.0,143516.0,8871922.0,0.0299,0.2446,15.1227
2007,1,621559.0,15777.0,605782.0,128259.0,7602797.0,0.0254,0.2117,12.5504
2007,2,565604.0,25465.0,540139.0,137813.0,8611899.0,0.045,0.2551,15.9439
2007,3,639209.0,16877.0,622332.0,137444.0,8649248.0,0.0264,0.2209,13.8981
2007,4,614648.0,11138.0,603510.0,118629.0,7423505.0,0.0181,0.1966,12.3006
2007,5,631609.0,6841.0,624768.0,109918.0,6672606.0,0.0108,0.1759,10.6801
2007,6,629280.0,17243.0,612037.0,162109.0,10993023.0,0.0274,0.2649,17.9614
2007,7,648560.0,13506.0,635054.0,161146.0,10610752.0,0.0208,0.2538,16.7084
2007,8,653279.0,12295.0,640984.0,153248.0,9940771.0,0.0188,0.2391,15.5086
2007,9,600187.0,6507.0,593680.0,87426.0,5323169.0,0.0108,0.1473,8.9664
2007,10,629992.0,7327.0,622665.0,108181.0,6542681.0,0.0116,0.1737,10.5075
2007,11,605149.0,6279.0,598870.0,99297.0,6000751.0,0.0104,0.1658,10.0201
2007,12,616382.0,21554.0,594828.0,169508.0,10733608.0,0.035,0.285,18.0449
2008,1,605765.0,17308.0,588457.0,128093.0,8162151.0,0.0286,0.2177,13.8704
2008,2,569236.0,20596.0,548640.0,134634.0,8694565.0,0.0362,0.2454,15.8475
2008,3,616090.0,16183.0,599907.0,138910.0,8801816.0,0.0263,0.2316,14.672
2008,4,598126.0,10355.0,587771.0,103076.0,6360506.0,0.0173,0.1754,10.8214
2008,5,606293.0,6229.0,600064.0,100607.0,6151796.0,0.0103,0.1677,10.2519
2008,6,608665.0,10931.0,597734.0,141872.0,9392353.0,0.018,0.2373,15.7133
2008,7,627931.0,10598.0,617333.0,128154.0,8720285.0,0.0169,0.2076,14.1257
2008,8,612279.0,9835.0,602444.0,110374.0,7290770.0,0.0161,0.1832,12.102
2008,9,540908.0,9913.0,530995.0,61260.0,3783181.0,0.0183,0.1154,7.1247
2008,10,556205.0,3249.0,552956.0,63117.0,3755499.0,0.0058,0.1141,6.7917
2008,11,523272.0,4458.0,518814.0,69229.0,4352178.0,0.0085,0.1334,8.3887
2008,12,544956.0,17777.0,527179.0,147872.0,10111879.0,0.0326,0.2805,19.1811
