reporting_airline,day_of_week,scheduled_departure_hour,scheduled_flights,cancelled_flights,operated_flights,delayed_departure_15_flights,positive_departure_delay_minutes,cancellation_rate,delay_15_rate,avg_delay_minutes
WN,5,19,34188.0,254.0,33934.0,14988.0,826719.0,0.0074,0.4417,24.3626
WN,4,19,33770.0,262.0,33508.0,14355.0,830941.0,0.0078,0.4284,24.7983
WN,5,18,33174.0,210.0,32964.0,14060.0,769055.0,0.0063,0.4265,23.3301
WN,5,17,32631.0,221.0,32410.0,13563.0,718936.0,0.0068,0.4185,22.1825
WN,4,18,32752.0,228.0,32524.0,13181.0,746058.0,0.007,0.4053,22.9387
WN,5,20,29331.0,234.0,29097.0,13111.0,734791.0,0.008,0.4506,25.2532
WN,7,19,33948.0,141.0,33807.0,13045.0,731518.0,0.0042,0.3859,21.6381
WN,5,16,32525.0,202.0,32323.0,12523.0,661985.0,0.0062,0.3874,20.4803
WN,4,20,29092.0,301.0,28791.0,12489.0,733724.0,0.0103,0.4338,25.4845
WN,4,17,32262.0,180.0,32082.0,12285.0,685324.0,0.0056,0.3829,21.3616
WN,7,18,33167.0,148.0,33019.0,12103.0,670371.0,0.0045,0.3665,20.3026
WN,7,20,28936.0,145.0,28791.0,11461.0,647187.0,0.005,0.3981,22.4788
WN,5,15,31215.0,180.0,31035.0,11257.0,574253.0,0.0058,0.3627,18.5034
WN,7,17,32742.0,137.0,32605.0,11218.0,618977.0,0.0042,0.3441,18.9841
WN,4,16,32297.0,187.0,32110.0,11156.0,620058.0,0.0058,0.3474,19.3104
WN,3,19,34304.0,400.0,33904.0,10483.0,587932.0,0.0117,0.3092,17.3411
WN,7,16,32672.0,142.0,32530.0,10399.0,563512.0,0.0043,0.3197,17.3228
WN,3,18,33314.0,395.0,32919.0,9868.0,549850.0,0.0119,0.2998,16.7031
WN,1,19,34279.0,389.0,33890.0,9679.0,530267.0,0.0113,0.2856,15.6467
WN,4,15,31052.0,194.0,30858.0,9650.0,510519.0,0.0062,0.3127,16.5441
