month,scheduled_flights,cancelled_flights,operated_flights,delayed_departure_15_flights,positive_departure_delay_minutes,cancellation_rate,delay_15_rate,avg_delay_minutes
1,1808611.0,42872.0,1765739.0,357042.0,21736250.0,0.0237,0.2022,12.31
2,1666087.0,57354.0,1608733.0,375533.0,23197856.0,0.0344,0.2334,14.42
3,1860516.0,40646.0,1819870.0,398489.0,24529350.0,0.0218,0.219,13.4786
4,1798125.0,28097.0,1770028.0,327624.0,19836400.0,0.0156,0.1851,11.2068
5,1840821.0,20127.0,1820694.0,320945.0,19249504.0,0.0109,0.1763,10.5726
6,1836260.0,38262.0,1797998.0,441292.0,29096138.0,0.0208,0.2454,16.1825
7,1897735.0,34839.0,1862896.0,428198.0,28281346.0,0.0184,0.2299,15.1814
8,1894290.0,31913.0,1862377.0,389281.0,24804682.0,0.0168,0.209,13.3188
9,1726032.0,26370.0,1699662.0,253335.0,15639390.0,0.0153,0.1491,9.2015
10,1797915.0,21975.0,1775940.0,295951.0,18033170.0,0.0122,0.1666,10.1542
11,1714618.0,20295.0,1694323.0,276367.0,16829753.0,0.0118,0.1631,9.933
12,1766096.0,57425.0,1708671.0,460896.0,29717409.0,0.0325,0.2697,17.3921
