Country,Shipment Mode,shipments,units,value_usd,weight_kg,freight_usd,late_rate,avg_delay_days,freight_per_kg
Afghanistan,Air,3,115,4617.35,89.0,1081.05,0.0,0.0,12.1466
Angola,Air,5,3620,181600.0,1811.0,30832.07,0.0,0.0,17.0249
Angola,Truck,2,300,16800.0,103.0,1964.63,0.0,0.0,19.0741
Belize,Air,1,300,630.0,0.0,1959.61,0.0,-14.0,inf
Benin,Air,13,137349,787725.48,12015.0,66015.17,0.2308,2.3846,5.4944
Botswana,Air,63,117497,1546999.21,23429.0,133841.79,0.0317,-2.8413,5.7127
Botswana,Truck,4,1405,49900.0,1693.0,1220.73,0.0,0.0,0.721
Burkina Faso,Air,2,165,451.25,0.0,0.0,0.0,0.0,
Burundi,Air,98,203212,3351580.36,28714.0,312042.32,0.3878,-8.449,10.8673
Cameroon,Air,61,1201005,10644193.37,142896.0,1435871.76,0.0492,-0.1967,10.0484
Cameroon,Air Charter,14,589400,3984976.82,72541.0,356479.73,0.2857,-5.5714,4.9142
"Congo, DRC",Air,331,513546,5465586.35,61605.0,699082.91,0.2508,11.3082,11.3478
"Congo, DRC",Truck,2,5000,306750.0,0.0,0.0,0.0,0.0,
Côte d'Ivoire,Air,682,5091144,61525853.95,1302229.0,3642499.46,0.1041,-1.2977,2.7971
Côte d'Ivoire,Air Charter,5,79898,766244.52,7380.0,31456.28,0.0,-36.0,4.2624
Côte d'Ivoire,Ocean,5,68973,2107215.86,11266.0,105202.0,0.0,0.0,9.338
Côte d'Ivoire,Truck,278,5838421,47817434.63,654341.0,2015601.84,0.223,-17.1799,3.0804
Dominican Republic,Air,49,187739,3088876.79,22829.0,245197.92,0.0816,-11.2653,10.7406
Dominican Republic,Truck,3,400,57600.0,268.0,666.66,0.0,0.0,2.4875
Ethiopia,Air,194,2171646,17664900.11,287659.0,1845342.72,0.0619,-3.5567,6.415
Ethiopia,Ocean,1,13703,460420.8,3476.0,11729.82,0.0,0.0,3.3745
Ethiopia,Truck,3,72,3477.48,25.0,505.0,0.0,0.0,20.2
Ghana,Air,43,1001105,5147621.55,94342.0,512769.67,0.186,3.5349,5.4352
Ghana,Ocean,2,181579,554838.13,16270.0,36083.61,0.0,0.0,2.2178
Ghana,Truck,13,113882,750821.42,8701.0,3975.7,0.0,-12.6923,0.4569
Guatemala,Air,15,55467,655249.12,4162.0,38494.98,0.1333,-1.0,9.2492
Guinea,Air,1,50,3600.0,32.0,1804.2,0.0,0.0,56.3812
Guyana,Air,229,184462,4215010.81,74431.0,487938.77,0.1048,-18.0,6.5556
Guyana,Truck,3,803,1826.66,110.0,3178.0,0.0,-34.0,28.8909
Haiti,Air,560,3222348,27773861.99,410288.0,3685689.12,0.1089,-2.7946,8.9832
Haiti,Air Charter,4,635,7936.88,132.0,8329.13,0.0,-8.0,63.0995
Haiti,Ocean,83,1997851,15089412.03,183324.0,303720.94,0.0,0.0,1.6567
Haiti,Truck,6,4536,584375.0,0.0,0.0,0.1667,1.1667,
Kazakhstan,Air,2,100,35000.0,0.0,0.0,0.0,0.0,
Kenya,Air,82,463278,30369909.98,153660.0,1419913.31,0.1707,1.8049,9.2406
Kenya,Truck,29,107353,3561651.0,16889.0,9098.33,0.0,-1.6897,0.5387
Kyrgyzstan,Air,2,1000,79000.0,0.0,0.0,0.0,0.0,
Lebanon,Air,8,936,9.36,0.0,0.0,0.0,0.0,
Lesotho,Air,4,4618,253220.0,873.0,11651.41,0.0,0.0,13.3464
Liberia,Air,6,1455,102840.0,667.0,19950.85,0.0,0.0,29.9113
Libya,Air,8,27251,164366.01,1783.0,8361.17,0.125,-8.75,4.6894
Malawi,Air,10,1640,109456.0,689.0,20279.91,0.0,0.0,29.4338
Malawi,Ocean,4,500000,5745000.0,56491.0,80140.22,0.0,0.0,1.4186
Mali,Air,17,1941,146870.0,748.0,27663.9,0.0,0.0,36.9838
Mozambique,Air,290,3026425,40128312.64,379288.0,1622772.82,0.031,-0.2034,4.2785
Mozambique,Ocean,4,29647,1327040.0,10700.0,72387.16,0.0,0.0,6.7652
Mozambique,Truck,337,16196062,140569338.08,2012468.0,1598961.08,0.3175,-2.089,0.7945
Namibia,Air,87,500744,5048938.21,61033.0,432087.48,0.0115,-0.1724,7.0796
Namibia,Truck,6,112314,774485.65,12003.0,27063.05,0.0,-7.5,2.2547
Nigeria,Air,547,5821276,109873063.23,849004.0,6181882.96,0.1298,-2.2084,7.2813
Nigeria,Air Charter,608,28012687,238867577.26,3263611.0,7998308.92,0.1168,-19.7401,2.4508
Nigeria,Ocean,1,13334,152007.6,1626.0,17096.24,0.0,0.0,10.5143
Nigeria,Truck,2,1858,3249.9,404.0,9352.63,0.0,0.0,23.1501
Pakistan,Air,15,18106,1442540.0,7998.0,106387.81,0.0,0.0,13.3018
Rwanda,Air,338,4500091,43353376.33,527648.0,4723189.23,0.0385,-4.1568,8.9514
Rwanda,Air Charter,1,1800,3330.0,718.0,4370.8,0.0,-81.0,6.0875
Rwanda,Ocean,20,1854991,11178281.71,159308.0,639694.39,0.0,0.0,4.0155
Rwanda,Truck,71,2498468,16592595.04,260591.0,526238.81,0.338,-11.1268,2.0194
Senegal,Air,3,280,8864.0,54.0,1444.63,0.3333,1.0,26.7524
Sierra Leone,Air,4,6400,379550.0,1719.0,36498.53,0.0,0.0,21.2324
South Africa,Air,230,4477793,24383275.04,358719.0,509025.96,0.1696,-48.7522,1.419
South Africa,Ocean,229,18004326,76166521.77,1339045.0,1977517.93,0.2838,9.8384,1.4768
South Africa,Truck,905,498237,7905570.63,0.0,7043.41,0.011,-8.3481,inf
South Sudan,Air,162,189718,2130903.43,17673.0,248177.76,0.1296,-1.0802,14.0428
South Sudan,Truck,2,465,2253.3,81.0,1641.0,0.0,0.0,20.2593
Sudan,Air,46,5565,299338.4,2676.0,64213.31,0.0,-0.5217,23.996
Swaziland,Air,32,306399,3507485.85,37204.0,169101.09,0.0938,-5.125,4.5452
Swaziland,Ocean,2,144155,2009158.0,19145.0,25815.12,0.0,0.0,1.3484
Swaziland,Truck,1,65000,649350.0,7403.0,4971.05,0.0,-11.0,0.6715
Tanzania,Air,306,5172297,61853908.37,679514.0,3701303.52,0.049,-2.0294,5.447
Tanzania,Ocean,6,490568,5900185.48,52513.0,111674.24,0.0,0.0,2.1266
Tanzania,Truck,187,6547864,57869090.66,646734.0,917084.58,0.262,-8.8877,1.418
Togo,Air,3,13282,153781.24,2325.0,12544.72,0.3333,5.3333,5.3956
Uganda,Air,534,5883745,50035473.44,678636.0,3553978.47,0.103,-4.7903,5.2369
Uganda,Ocean,8,549043,3211444.51,51385.0,82267.99,0.0,0.0,1.601
Uganda,Truck,229,5472415,42857395.43,552956.0,1841359.45,0.1878,-14.6201,3.33
Vietnam,Air,687,7102576,56933687.94,635573.0,2735875.8,0.0087,-0.313,4.3046
Vietnam,Truck,1,1968,40717.92,0.0,1401.49,0.0,-26.0,inf
Zambia,Air,195,2990918,40141320.95,1237555.0,2757825.26,0.0974,-1.1795,2.2284
Zambia,Ocean,3,94528,949221.5,15048.0,63940.06,0.0,-25.0,4.2491
Zambia,Truck,386,23375265,181261841.21,2205264.0,2712772.79,0.2306,-8.3264,1.2301
Zimbabwe,Air,145,1286469,14293089.34,199494.0,1534030.08,0.0483,-1.9448,7.6896
Zimbabwe,Air Charter,18,795000,2742165.67,75746.0,527163.62,0.0,-0.0556,6.9596
Zimbabwe,Ocean,3,289053,1327196.4,19826.0,63459.07,0.0,0.0,3.2008
Zimbabwe,Truck,360,15010859,85705845.09,1388960.0,2181588.0,0.1944,-15.6639,1.5707
