Month,shipments,units,value_usd,weight_kg,freight_usd,late_rate,avg_delay_days,freight_per_kg
2006-05,2,75,2109.7,26.0,1149.05,0.0,0.0,44.1942
2006-06,2,166,11627.45,178.0,2596.91,0.0,0.0,14.5894
2006-07,3,50506,129900.0,727.0,1039.5,0.0,-23.0,1.4298
2006-08,6,94019,692401.0,7945.0,49150.58,0.0,0.0,6.1864
2006-09,18,85948,1033271.96,7217.0,103007.4,0.0,0.0,14.2729
2006-10,6,4128,295606.55,207001.0,23625.95,0.0,0.0,0.1141
2006-11,10,63347,824847.8,1192923.0,36722.4,0.0,0.0,0.0308
2006-12,18,164949,1854747.98,13810.0,69726.94,0.0,0.0,5.049
2007-01,21,56846,1603591.45,9865.0,65896.17,0.0,-17.619,6.6798
2007-02,22,116119,1892783.57,11500.0,104401.32,0.0,0.0,9.0784
2007-03,36,408443,2984829.02,27430.0,241323.68,0.0833,1.7222,8.7978
2007-04,44,260737,3363039.31,23417.0,131272.9,0.0,0.0,5.6059
2007-05,56,412842,6272744.73,42561.0,250885.72,0.0179,-1.0714,5.8947
2007-06,56,496704,5824123.95,51253.0,163371.46,0.0,0.0,3.1875
2007-07,57,335369,5127265.59,45881.0,226363.9,0.0,0.0,4.9337
2007-08,81,755716,7230555.3,79861.0,355823.34,0.0494,1.0617,4.4555
2007-09,93,762109,8212968.38,100181.0,366183.5,0.0,0.0,3.6552
2007-10,58,325153,3998394.81,51444.0,291833.31,0.0172,0.2931,5.6728
2007-11,79,792021,8533389.83,98580.0,410071.33,0.0,-0.7089,4.1598
2007-12,68,562102,4592542.23,64919.0,332896.93,0.0294,0.5735,5.1279
2008-01,123,731133,8867422.06,79271.0,484196.34,0.0407,-2.7236,6.1081
2008-02,73,861892,8329648.49,76244.0,288255.27,0.0137,-4.0274,3.7807
2008-03,90,1090126,9053502.55,118175.0,490721.67,0.0222,-0.0444,4.1525
2008-04,113,682762,6462579.43,69279.0,322054.21,0.0354,-1.177,4.6487
2008-05,78,536198,6890415.43,66798.0,210185.76,0.0256,-31.0769,3.1466
2008-06,79,931528,7598639.96,98109.0,292446.37,0.0,-2.2658,2.9808
2008-07,103,1381628,14515821.41,137496.0,559952.27,0.0194,-1.2427,4.0725
2008-08,78,1197969,10915167.96,108337.0,317300.05,0.0,-2.2308,2.9288
2008-09,90,1367589,14912400.47,147373.0,586099.41,0.0,-3.5222,3.977
2008-10,92,794901,10199178.04,121921.0,856137.26,0.0,-35.163,7.0221
2008-11,116,992100,11316702.7,183612.0,585160.97,0.0,-32.5431,3.1869
2008-12,73,512051,4481202.51,45285.0,309328.43,0.0,-51.4384,6.8307
2009-01,82,482806,4406047.74,38789.0,302147.74,0.0,-36.5366,7.7895
2009-02,60,829128,8935623.61,70859.0,256796.29,0.0,-8.55,3.624
2009-03,98,1010421,11156581.43,104149.0,485046.68,0.0,-0.5306,4.6572
2009-04,121,770414,12941576.69,101522.0,344383.84,0.0083,-22.314,3.3922
2009-05,66,607271,9272885.21,73375.0,378481.02,0.0,-1.5,5.1582
2009-06,110,1254029,14052693.08,117900.0,447264.17,0.0091,-1.2636,3.7936
2009-07,72,442034,4987649.32,44996.0,280187.75,0.0417,-10.7361,6.2269
2009-08,125,1063115,15851738.85,98614.0,404799.36,0.112,-3.648,4.1049
2009-09,98,1694927,17560556.22,157814.0,483497.54,0.0204,0.2857,3.0637
2009-10,159,1378509,14175542.07,140222.0,651218.78,0.0566,-0.2516,4.6442
2009-11,88,701374,7812037.33,70091.0,380932.2,0.0,-7.2955,5.4348
2009-12,113,1179240,10537624.27,124752.0,552753.99,0.1239,-7.3274,4.4308
2010-01,68,615994,6899986.52,71643.0,468173.36,0.1029,-6.6912,6.5348
2010-02,46,348195,5555926.54,45669.0,406078.61,0.1087,-9.0435,8.8918
2010-03,198,1819192,15509275.0,339476.0,874943.75,0.0404,-10.7626,2.5773
2010-04,68,669659,6028056.4,53368.0,387838.04,0.0147,-14.6618,7.2672
2010-05,136,1643817,15016168.34,158033.0,812018.0,0.0809,-6.9706,5.1383
2010-06,160,2783393,23223795.9,263825.0,580082.38,0.1125,-9.9062,2.1987
2010-07,68,1881313,11907069.0,139528.0,511318.41,0.0735,-6.3971,3.6646
2010-08,116,1846307,13758738.25,198636.0,741040.59,0.181,-3.681,3.7306
2010-09,71,1300426,12132115.6,124680.0,502886.25,0.0986,-12.2254,4.0334
2010-10,54,1820571,13092413.91,152116.0,435857.51,0.537,6.5185,2.8653
2010-11,89,2103925,15446519.71,187136.0,621730.94,0.2697,3.9551,3.3223
2010-12,102,3378005,22590770.71,291263.0,778734.01,0.3725,4.1275,2.6736
2011-01,51,1345274,7626146.66,133723.0,360557.48,0.2745,2.4902,2.6963
2011-02,97,3084034,19125453.47,278953.0,665829.57,0.2371,3.6701,2.3869
2011-03,101,3812774,23299727.27,329735.0,794563.5,0.2475,3.5941,2.4097
2011-04,68,2513902,14818765.44,194218.0,418738.57,0.1471,-2.0,2.156
2011-05,74,2342298,17584761.74,196553.0,545627.28,0.5,8.9865,2.776
2011-06,107,1612276,10807911.1,149115.0,604697.78,0.3738,5.2336,4.0552
2011-07,91,2017343,20167737.21,236477.0,1085697.43,0.3736,4.5385,4.5911
2011-08,69,1275673,11987501.78,176638.0,677853.08,0.2029,-5.7681,3.8375
2011-09,136,6074577,44273902.4,541261.0,1223740.56,0.1471,-4.1765,2.2609
2011-10,89,2331929,17455964.67,230447.0,884949.49,0.1573,-9.6854,3.8401
2011-11,83,3447562,19836052.81,317568.0,736684.85,0.1446,-5.8675,2.3198
2011-12,83,2485253,22415159.75,258442.0,901805.42,0.0843,-18.8434,3.4894
2012-01,73,1858543,10090828.25,206212.0,514196.57,0.1781,-8.863,2.4935
2012-02,164,2919404,23141228.23,277949.0,819288.24,0.0488,-31.7683,2.9476
2012-03,122,1870984,19082106.48,207955.0,913703.29,0.1148,-7.7705,4.3938
2012-04,88,2995923,24337825.52,283575.0,681754.43,0.1136,-11.8864,2.4041
2012-05,106,1548504,15564813.59,177216.0,532261.11,0.217,-4.1415,3.0035
2012-06,103,2394085,16546982.43,254221.0,768762.68,0.0097,-26.8835,3.024
2012-07,105,3153500,29454126.19,367615.0,1144741.65,0.1143,-9.7619,3.114
2012-08,100,2535520,24260833.9,322611.0,1413668.06,0.05,-11.85,4.382
2012-09,73,1778538,11780208.36,189771.0,859318.04,0.0274,-17.0137,4.5282
2012-10,143,3433898,25723680.39,346839.0,1283830.79,0.0629,-7.9091,3.7015
2012-11,85,1971722,20007279.42,234044.0,1198385.32,0.0824,-5.7176,5.1203
2012-12,91,2458297,20309662.19,252179.0,916410.47,0.033,-2.5055,3.634
2013-01,55,718783,8930967.78,90405.0,494236.85,0.1091,-9.2182,5.4669
2013-02,98,2676909,20993589.57,300066.0,1065776.69,0.0918,-2.0816,3.5518
2013-03,123,1980205,15442232.9,209310.0,880392.86,0.1138,-15.2927,4.2062
2013-04,160,1938383,15819965.93,207563.0,692615.59,0.1,-3.775,3.3369
2013-05,104,3014709,23874505.44,370696.0,861984.24,0.125,-17.4904,2.3253
2013-06,59,1078765,10340647.48,150594.0,456218.56,0.1864,-2.0,3.0295
2013-07,96,2238273,23502272.83,258169.0,739951.57,0.1458,-6.3438,2.8662
2013-08,98,1890763,14966153.33,196597.0,1032392.52,0.3673,14.398,5.2513
2013-09,125,2530641,21870720.41,290326.0,1627755.47,0.12,-4.856,5.6066
2013-10,113,2930553,25546042.25,344568.0,1238095.59,0.1239,-5.2035,3.5932
2013-11,134,3728595,31359186.61,404203.0,1572725.46,0.2537,-1.3209,3.8909
2013-12,75,870381,9209161.88,117788.0,853751.44,0.1867,-5.4267,7.2482
2014-01,124,2673581,28001960.33,331984.0,1024574.62,0.0806,0.2984,3.0862
2014-02,178,3297171,31580615.35,419585.0,1275507.64,0.3427,17.1854,3.0399
2014-03,81,1776818,15513291.58,210241.0,725949.18,0.1358,-3.5185,3.4529
2014-04,125,2253454,21675697.62,277258.0,961412.81,0.208,-6.368,3.4676
2014-05,96,3259936,28228152.02,393296.0,925440.36,0.2188,-5.0833,2.353
2014-06,151,4958457,34687662.78,571274.0,1587217.08,0.1722,-10.351,2.7784
2014-07,107,2833666,25916671.55,340415.0,1059605.56,0.1402,-10.1215,3.1127
2014-08,236,1424215,14419051.44,168260.0,549282.64,0.0381,-2.3093,3.2645
2014-09,135,2242982,16351960.5,250081.0,1093895.79,0.3185,3.963,4.3742
2014-10,153,3103995,24858305.95,355021.0,802103.66,0.1961,-4.0327,2.2593
2014-11,115,1515033,8924468.65,137493.0,493452.85,0.0783,1.7304,3.5889
2014-12,72,1870466,15514002.61,220160.0,546660.68,0.0972,-7.3333,2.483
2015-01,94,2121903,19655893.36,255995.0,744262.82,0.0319,-12.5957,2.9073
2015-02,127,3158076,24665383.93,356637.0,1016280.15,0.2362,-0.748,2.8496
2015-03,123,4481998,38192808.11,563023.0,1054964.44,0.2358,-3.878,1.8738
2015-04,104,3031725,26413540.31,392980.0,896126.32,0.0288,-13.0865,2.2803
2015-05,137,3347388,33091342.94,405473.0,990528.18,0.0438,-6.7007,2.4429
2015-06,100,2866818,24973255.97,328475.0,705313.86,0.1,-3.66,2.1472
2015-07,170,1302480,12289553.96,99713.0,203976.67,0.1176,0.8882,2.0456
2015-08,121,2263591,18539307.35,182499.0,80940.09,0.157,-3.4215,0.4435
2015-09,21,171323,1662612.0,0.0,0.0,0.0,0.0,
