Country,shipments,units,value_usd,weight_kg,freight_usd,late_rate,avg_delay_days,freight_per_kg
Burundi,98,203212,3351580.36,28714.0,312042.32,0.3878,-8.449,10.8673
"Congo, DRC",333,518546,5772336.35,61605.0,699082.91,0.2492,11.2402,11.3478
Mozambique,631,19252134,182024690.72,2402456.0,3294121.06,0.1838,-1.2092,1.3711
Zambia,683,28627539,246988840.41,3669842.0,6310437.21,0.1581,-5.2343,1.7195
Zimbabwe,538,17407714,104439960.51,1686240.0,4318000.86,0.1431,-11.0074,2.5607
Ghana,58,1296566,6453281.1,119313.0,552828.98,0.1379,-0.2241,4.6334
South Sudan,164,190183,2133156.73,17754.0,249818.76,0.128,-1.0671,14.0711
Tanzania,519,12482994,129459495.65,1409825.0,4827989.32,0.1272,-4.395,3.4245
Kenya,111,570631,33931560.98,170549.0,1429011.64,0.1261,0.8919,8.3789
Uganda,779,11914117,96197336.16,1283799.0,5484292.24,0.1258,-7.5815,4.2719
