name,document_id,email,loyalty_card_number,age,city,occupation,annual_spend
person_0001,document_0001,user_0001@example.invalid,card_0001,25,Envigado,Comerciante,2580000
person_0002,document_0002,user_0002@example.invalid,card_0002,36,Cali,Ingeniero de sistemas,5400000
person_0003,document_0003,user_0003@example.invalid,card_0003,38,Bogotá,Docente,5320000
person_0004,document_0004,user_0004@example.invalid,card_0004,67,Itagüí,Abogada,4290000
person_0005,document_0005,user_0005@example.invalid,card_0005,29,Bogotá,Comerciante,3670000
person_0006,document_0006,user_0006@example.invalid,card_0006,32,Itagüí,Comerciante,3980000
person_0007,document_0007,user_0007@example.invalid,card_0007,43,Medellín,Diseñadora gráfica,3900000
person_0008,document_0008,user_0008@example.invalid,card_0008,23,Bogotá,Docente,3010000
person_0009,document_0009,user_0009@example.invalid,card_0009,52,Bogotá,Abogada,3820000
person_0010,document_0010,user_0010@example.invalid,card_0010,27,Bucaramanga,Ingeniero de sistemas,2780000
person_0011,document_0011,user_0011@example.invalid,card_0011,63,Bogotá,Docente,3860000
person_0012,document_0012,user_0012@example.invalid,card_0012,57,Medellín,Médico,5860000
person_0013,document_0013,user_0013@example.invalid,card_0013,21,Rionegro,Diseñadora gráfica,2560000
person_0014,document_0014,user_0014@example.invalid,card_0014,58,Rionegro,Administradora,7310000
person_0015,document_0015,user_0015@example.invalid,card_0015,48,Itagüí,Comerciante,4090000
person_0016,document_0016,user_0016@example.invalid,card_0016,39,Bogotá,Ingeniero de sistemas,8540000
person_0017,document_0017,user_0017@example.invalid,card_0017,49,Itagüí,Ingeniero de sistemas,5660000
person_0018,document_0018,user_0018@example.invalid,card_0018,36,Cartagena,Contadora,3420000
person_0019,document_0019,user_0019@example.invalid,card_0019,43,Bogotá,Enfermera,5000000
person_0020,document_0020,user_0020@example.invalid,card_0020,55,Medellín,Enfermera,5180000
person_0021,document_0021,user_0021@example.invalid,card_0021,28,Pereira,Abogada,3470000
person_0022,document_0022,user_0022@example.invalid,card_0022,56,Cartagena,Administradora,4860000
person_0023,document_0023,user_0023@example.invalid,card_0023,35,Rionegro,Ingeniero de sistemas,2760000
person_0024,document_0024,user_0024@example.invalid,card_0024,46,Envigado,Diseñadora gráfica,1840000
person_0025,document_0025,user_0025@example.invalid,card_0025,37,Pereira,Comerciante,4410000
person_0026,document_0026,user_0026@example.invalid,card_0026,40,Medellín,Docente,2230000
person_0027,document_0027,user_0027@example.invalid,card_0027,60,Bello,Arquitecta,4330000
person_0028,document_0028,user_0028@example.invalid,card_0028,25,Bogotá,Analista financiera,4490000
person_0029,document_0029,user_0029@example.invalid,card_0029,58,Bello,Ingeniero de sistemas,4390000
person_0030,document_0030,user_0030@example.invalid,card_0030,48,Rionegro,Docente,5290000
person_0031,document_0031,user_0031@example.invalid,card_0031,66,Rionegro,Médico,7920000
person_0032,document_0032,user_0032@example.invalid,card_0032,53,Cali,Analista financiera,5680000
person_0033,document_0033,user_0033@example.invalid,card_0033,63,Cali,Comerciante,6030000
person_0034,document_0034,user_0034@example.invalid,card_0034,40,Envigado,Diseñadora gráfica,2550000
person_0035,document_0035,user_0035@example.invalid,card_0035,45,Bello,Contadora,4360000
person_0036,document_0036,user_0036@example.invalid,card_0036,66,Rionegro,Arquitecta,8660000
person_0037,document_0037,user_0037@example.invalid,card_0037,56,Medellín,Arquitecta,5940000
person_0038,document_0038,user_0038@example.invalid,card_0038,31,Bogotá,Analista financiera,3550000
person_0039,document_0039,user_0039@example.invalid,card_0039,41,Bogotá,Enfermera,3870000
person_0040,document_0040,user_0040@example.invalid,card_0040,48,Cartagena,Contadora,4550000
person_0041,document_0041,user_0041@example.invalid,card_0041,31,Itagüí,Contadora,3860000
person_0042,document_0042,user_0042@example.invalid,card_0042,30,Itagüí,Comerciante,2570000
person_0043,document_0043,user_0043@example.invalid,card_0043,57,Barranquilla,Comerciante,2970000
person_0044,document_0044,user_0044@example.invalid,card_0044,33,Bello,Administradora,2110000
person_0045,document_0045,user_0045@example.invalid,card_0045,57,Medellín,Ingeniero de sistemas,2270000
person_0046,document_0046,user_0046@example.invalid,card_0046,46,Rionegro,Contadora,3910000
person_0047,document_0047,user_0047@example.invalid,card_0047,35,Envigado,Ingeniero de sistemas,4210000
person_0048,document_0048,user_0048@example.invalid,card_0048,39,Bogotá,Enfermera,2990000
person_0049,document_0049,user_0049@example.invalid,card_0049,45,Itagüí,Docente,2650000
person_0050,document_0050,user_0050@example.invalid,card_0050,62,Cartagena,Comerciante,4140000
person_0051,document_0051,user_0051@example.invalid,card_0051,62,Cartagena,Docente,3020000
person_0052,document_0052,user_0052@example.invalid,card_0052,51,Barranquilla,Enfermera,2980000
person_0053,document_0053,user_0053@example.invalid,card_0053,38,Envigado,Abogada,3540000
person_0054,document_0054,user_0054@example.invalid,card_0054,41,Envigado,Contadora,4080000
person_0055,document_0055,user_0055@example.invalid,card_0055,44,Bogotá,Enfermera,3780000
person_0056,document_0056,user_0056@example.invalid,card_0056,24,Bogotá,Enfermera,2600000
person_0057,document_0057,user_0057@example.invalid,card_0057,37,Medellín,Docente,2610000
person_0058,document_0058,user_0058@example.invalid,card_0058,62,Medellín,Médico,7950000
person_0059,document_0059,user_0059@example.invalid,card_0059,49,Itagüí,Técnico electricista,3020000
person_0060,document_0060,user_0060@example.invalid,card_0060,28,Medellín,Ingeniero de sistemas,4740000
person_0061,document_0061,user_0061@example.invalid,card_0061,48,Bogotá,Enfermera,3230000
person_0062,document_0062,user_0062@example.invalid,card_0062,63,Itagüí,Administradora,7290000
person_0063,document_0063,user_0063@example.invalid,card_0063,57,Rionegro,Enfermera,2340000
person_0064,document_0064,user_0064@example.invalid,card_0064,20,Pereira,Abogada,2300000
person_0065,document_0065,user_0065@example.invalid,card_0065,32,Itagüí,Analista financiera,2590000
person_0066,document_0066,user_0066@example.invalid,card_0066,44,Medellín,Técnico electricista,3020000
person_0067,document_0067,user_0067@example.invalid,card_0067,45,Itagüí,Administradora,5590000
person_0068,document_0068,user_0068@example.invalid,card_0068,34,Cartagena,Arquitecta,4520000
person_0069,document_0069,user_0069@example.invalid,card_0069,35,Envigado,Contadora,2500000
person_0070,document_0070,user_0070@example.invalid,card_0070,49,Rionegro,Comerciante,3870000
person_0071,document_0071,user_0071@example.invalid,card_0071,33,Rionegro,Comerciante,3990000
person_0072,document_0072,user_0072@example.invalid,card_0072,23,Cartagena,Enfermera,1960000
person_0073,document_0073,user_0073@example.invalid,card_0073,49,Itagüí,Comerciante,3210000
person_0074,document_0074,user_0074@example.invalid,card_0074,23,Manizales,Contadora,2890000
person_0075,document_0075,user_0075@example.invalid,card_0075,44,Bogotá,Administradora,3550000
person_0076,document_0076,user_0076@example.invalid,card_0076,66,Bogotá,Analista financiera,5470000
person_0077,document_0077,user_0077@example.invalid,card_0077,44,Itagüí,Administradora,3150000
person_0078,document_0078,user_0078@example.invalid,card_0078,25,Manizales,Abogada,2450000
person_0079,document_0079,user_0079@example.invalid,card_0079,45,Cali,Contadora,4180000
person_0080,document_0080,user_0080@example.invalid,card_0080,23,Itagüí,Técnico electricista,2200000
person_0081,document_0081,user_0081@example.invalid,card_0081,66,Cali,Administradora,2310000
person_0082,document_0082,user_0082@example.invalid,card_0082,51,Medellín,Administradora,3890000
person_0083,document_0083,user_0083@example.invalid,card_0083,67,Cali,Docente,4980000
person_0084,document_0084,user_0084@example.invalid,card_0084,40,Cali,Administradora,2880000
person_0085,document_0085,user_0085@example.invalid,card_0085,37,Itagüí,Contadora,5740000
person_0086,document_0086,user_0086@example.invalid,card_0086,30,Medellín,Ingeniero de sistemas,3810000
person_0087,document_0087,user_0087@example.invalid,card_0087,21,Medellín,Arquitecta,4610000
person_0088,document_0088,user_0088@example.invalid,card_0088,61,Bogotá,Analista financiera,5370000
person_0089,document_0089,user_0089@example.invalid,card_0089,55,Rionegro,Comerciante,2910000
person_0090,document_0090,user_0090@example.invalid,card_0090,49,Cali,Arquitecta,4770000
person_0091,document_0091,user_0091@example.invalid,card_0091,30,Bello,Docente,3070000
person_0092,document_0092,user_0092@example.invalid,card_0092,58,Cali,Administradora,3120000
person_0093,document_0093,user_0093@example.invalid,card_0093,67,Barranquilla,Comerciante,4400000
person_0094,document_0094,user_0094@example.invalid,card_0094,64,Itagüí,Enfermera,3650000
person_0095,document_0095,user_0095@example.invalid,card_0095,47,Bello,Enfermera,2230000
person_0096,document_0096,user_0096@example.invalid,card_0096,66,Barranquilla,Contadora,4230000
person_0097,document_0097,user_0097@example.invalid,card_0097,40,Medellín,Administradora,5310000
person_0098,document_0098,user_0098@example.invalid,card_0098,63,Itagüí,Técnico electricista,3550000
person_0099,document_0099,user_0099@example.invalid,card_0099,20,Bogotá,Docente,2220000
person_0100,document_0100,user_0100@example.invalid,card_0100,42,Envigado,Técnico electricista,3420000
person_0101,document_0101,user_0101@example.invalid,card_0101,42,Rionegro,Docente,3340000
person_0102,document_0102,user_0102@example.invalid,card_0102,21,Cartagena,Administradora,1960000
person_0103,document_0103,user_0103@example.invalid,card_0103,49,Bucaramanga,Ingeniero de sistemas,5520000
person_0104,document_0104,user_0104@example.invalid,card_0104,21,Pereira,Comerciante,3360000
person_0105,document_0105,user_0105@example.invalid,card_0105,55,Medellín,Ingeniero de sistemas,5430000
person_0106,document_0106,user_0106@example.invalid,card_0106,60,Barranquilla,Arquitecta,4360000
person_0107,document_0107,user_0107@example.invalid,card_0107,66,Itagüí,Ingeniero de sistemas,3650000
person_0108,document_0108,user_0108@example.invalid,card_0108,45,Barranquilla,Abogada,2620000
person_0109,document_0109,user_0109@example.invalid,card_0109,42,Envigado,Administradora,2590000
person_0110,document_0110,user_0110@example.invalid,card_0110,51,Bogotá,Docente,2860000
person_0111,document_0111,user_0111@example.invalid,card_0111,61,Bello,Docente,4270000
person_0112,document_0112,user_0112@example.invalid,card_0112,38,Envigado,Ingeniero de sistemas,5190000
person_0113,document_0113,user_0113@example.invalid,card_0113,33,Envigado,Docente,3070000
person_0114,document_0114,user_0114@example.invalid,card_0114,41,Pereira,Diseñadora gráfica,2750000
person_0115,document_0115,user_0115@example.invalid,card_0115,51,Barranquilla,Comerciante,2800000
person_0116,document_0116,user_0116@example.invalid,card_0116,44,Cartagena,Abogada,5360000
person_0117,document_0117,user_0117@example.invalid,card_0117,40,Medellín,Comerciante,3540000
person_0118,document_0118,user_0118@example.invalid,card_0118,32,Rionegro,Arquitecta,3120000
person_0119,document_0119,user_0119@example.invalid,card_0119,25,Bogotá,Docente,2320000
person_0120,document_0120,user_0120@example.invalid,card_0120,51,Bogotá,Diseñadora gráfica,2030000
person_0121,document_0121,user_0121@example.invalid,card_0121,31,Rionegro,Docente,1270000
person_0122,document_0122,user_0122@example.invalid,card_0122,37,Envigado,Médico,4280000
person_0123,document_0123,user_0123@example.invalid,card_0123,50,Envigado,Médico,6750000
person_0124,document_0124,user_0124@example.invalid,card_0124,47,Bucaramanga,Contadora,4930000
person_0125,document_0125,user_0125@example.invalid,card_0125,41,Manizales,Enfermera,2060000
person_0126,document_0126,user_0126@example.invalid,card_0126,38,Manizales,Diseñadora gráfica,2270000
person_0127,document_0127,user_0127@example.invalid,card_0127,44,Medellín,Contadora,3460000
person_0128,document_0128,user_0128@example.invalid,card_0128,63,Pereira,Administradora,3120000
person_0129,document_0129,user_0129@example.invalid,card_0129,24,Medellín,Ingeniero de sistemas,3280000
person_0130,document_0130,user_0130@example.invalid,card_0130,25,Barranquilla,Comerciante,4350000
person_0131,document_0131,user_0131@example.invalid,card_0131,24,Medellín,Enfermera,2520000
person_0132,document_0132,user_0132@example.invalid,card_0132,64,Medellín,Comerciante,2780000
person_0133,document_0133,user_0133@example.invalid,card_0133,56,Barranquilla,Médico,2070000
person_0134,document_0134,user_0134@example.invalid,card_0134,49,Itagüí,Enfermera,1810000
person_0135,document_0135,user_0135@example.invalid,card_0135,64,Bello,Contadora,2150000
person_0136,document_0136,user_0136@example.invalid,card_0136,47,Cali,Docente,5080000
person_0137,document_0137,user_0137@example.invalid,card_0137,58,Cali,Analista financiera,5550000
person_0138,document_0138,user_0138@example.invalid,card_0138,39,Cali,Administradora,2930000
person_0139,document_0139,user_0139@example.invalid,card_0139,63,Pereira,Enfermera,5970000
person_0140,document_0140,user_0140@example.invalid,card_0140,20,Medellín,Analista financiera,3170000
person_0141,document_0141,user_0141@example.invalid,card_0141,47,Itagüí,Arquitecta,3960000
person_0142,document_0142,user_0142@example.invalid,card_0142,64,Bello,Analista financiera,3000000
person_0143,document_0143,user_0143@example.invalid,card_0143,21,Medellín,Comerciante,2610000
person_0144,document_0144,user_0144@example.invalid,card_0144,22,Bucaramanga,Comerciante,3520000
person_0145,document_0145,user_0145@example.invalid,card_0145,33,Barranquilla,Comerciante,1600000
person_0146,document_0146,user_0146@example.invalid,card_0146,64,Barranquilla,Enfermera,3520000
person_0147,document_0147,user_0147@example.invalid,card_0147,46,Bello,Enfermera,2560000
person_0148,document_0148,user_0148@example.invalid,card_0148,58,Bello,Comerciante,3660000
person_0149,document_0149,user_0149@example.invalid,card_0149,26,Rionegro,Enfermera,2040000
person_0150,document_0150,user_0150@example.invalid,card_0150,43,Cartagena,Técnico electricista,5190000
person_0151,document_0151,user_0151@example.invalid,card_0151,52,Manizales,Administradora,2620000
person_0152,document_0152,user_0152@example.invalid,card_0152,21,Itagüí,Comerciante,1600000
person_0153,document_0153,user_0153@example.invalid,card_0153,28,Rionegro,Docente,1810000
person_0154,document_0154,user_0154@example.invalid,card_0154,50,Manizales,Abogada,5830000
person_0155,document_0155,user_0155@example.invalid,card_0155,21,Bello,Administradora,3290000
person_0156,document_0156,user_0156@example.invalid,card_0156,23,Barranquilla,Ingeniero de sistemas,4590000
person_0157,document_0157,user_0157@example.invalid,card_0157,30,Bogotá,Comerciante,2300000
person_0158,document_0158,user_0158@example.invalid,card_0158,54,Cartagena,Docente,3410000
person_0159,document_0159,user_0159@example.invalid,card_0159,20,Bello,Analista financiera,2140000
person_0160,document_0160,user_0160@example.invalid,card_0160,33,Barranquilla,Abogada,3640000
person_0161,document_0161,user_0161@example.invalid,card_0161,59,Cartagena,Técnico electricista,3190000
person_0162,document_0162,user_0162@example.invalid,card_0162,25,Cartagena,Médico,4930000
person_0163,document_0163,user_0163@example.invalid,card_0163,53,Barranquilla,Docente,4870000
person_0164,document_0164,user_0164@example.invalid,card_0164,42,Bucaramanga,Técnico electricista,1490000
person_0165,document_0165,user_0165@example.invalid,card_0165,65,Bogotá,Comerciante,4280000
person_0166,document_0166,user_0166@example.invalid,card_0166,37,Envigado,Enfermera,4220000
person_0167,document_0167,user_0167@example.invalid,card_0167,54,Bucaramanga,Diseñadora gráfica,3210000
person_0168,document_0168,user_0168@example.invalid,card_0168,28,Cartagena,Analista financiera,2370000
person_0169,document_0169,user_0169@example.invalid,card_0169,25,Medellín,Administradora,2190000
person_0170,document_0170,user_0170@example.invalid,card_0170,29,Bogotá,Comerciante,3560000
person_0171,document_0171,user_0171@example.invalid,card_0171,23,Medellín,Médico,3070000
person_0172,document_0172,user_0172@example.invalid,card_0172,66,Envigado,Administradora,9050000
person_0173,document_0173,user_0173@example.invalid,card_0173,67,Bogotá,Docente,5800000
person_0174,document_0174,user_0174@example.invalid,card_0174,26,Cali,Contadora,3330000
person_0175,document_0175,user_0175@example.invalid,card_0175,48,Itagüí,Diseñadora gráfica,2050000
person_0176,document_0176,user_0176@example.invalid,card_0176,27,Manizales,Abogada,4060000
person_0177,document_0177,user_0177@example.invalid,card_0177,44,Barranquilla,Analista financiera,2330000
person_0178,document_0178,user_0178@example.invalid,card_0178,47,Cartagena,Ingeniero de sistemas,2900000
person_0179,document_0179,user_0179@example.invalid,card_0179,64,Itagüí,Enfermera,2810000
person_0180,document_0180,user_0180@example.invalid,card_0180,53,Envigado,Analista financiera,4130000
person_0181,document_0181,user_0181@example.invalid,card_0181,67,Manizales,Diseñadora gráfica,2320000
person_0182,document_0182,user_0182@example.invalid,card_0182,49,Cali,Docente,3800000
person_0183,document_0183,user_0183@example.invalid,card_0183,52,Envigado,Técnico electricista,4210000
person_0184,document_0184,user_0184@example.invalid,card_0184,20,Bello,Administradora,2690000
person_0185,document_0185,user_0185@example.invalid,card_0185,35,Itagüí,Ingeniero de sistemas,5360000
person_0186,document_0186,user_0186@example.invalid,card_0186,60,Cali,Ingeniero de sistemas,3820000
person_0187,document_0187,user_0187@example.invalid,card_0187,65,Medellín,Enfermera,4580000
person_0188,document_0188,user_0188@example.invalid,card_0188,44,Cali,Analista financiera,4820000
person_0189,document_0189,user_0189@example.invalid,card_0189,50,Bogotá,Enfermera,3390000
person_0190,document_0190,user_0190@example.invalid,card_0190,37,Bogotá,Técnico electricista,2350000
person_0191,document_0191,user_0191@example.invalid,card_0191,66,Medellín,Enfermera,4530000
person_0192,document_0192,user_0192@example.invalid,card_0192,59,Bello,Técnico electricista,3430000
person_0193,document_0193,user_0193@example.invalid,card_0193,58,Itagüí,Docente,3140000
person_0194,document_0194,user_0194@example.invalid,card_0194,34,Cali,Enfermera,2720000
person_0195,document_0195,user_0195@example.invalid,card_0195,24,Barranquilla,Docente,2820000
person_0196,document_0196,user_0196@example.invalid,card_0196,27,Envigado,Analista financiera,3330000
person_0197,document_0197,user_0197@example.invalid,card_0197,40,Medellín,Docente,4230000
person_0198,document_0198,user_0198@example.invalid,card_0198,46,Pereira,Docente,5270000
person_0199,document_0199,user_0199@example.invalid,card_0199,40,Medellín,Contadora,3790000
person_0200,document_0200,user_0200@example.invalid,card_0200,29,Barranquilla,Administradora,2310000
person_0201,document_0201,user_0201@example.invalid,card_0201,62,Medellín,Administradora,3320000
person_0202,document_0202,user_0202@example.invalid,card_0202,30,Bello,Enfermera,1370000
person_0203,document_0203,user_0203@example.invalid,card_0203,30,Cali,Contadora,4110000
person_0204,document_0204,user_0204@example.invalid,card_0204,38,Medellín,Abogada,2920000
person_0205,document_0205,user_0205@example.invalid,card_0205,49,Bogotá,Abogada,4410000
person_0206,document_0206,user_0206@example.invalid,card_0206,62,Medellín,Analista financiera,10210000
person_0207,document_0207,user_0207@example.invalid,card_0207,29,Pereira,Médico,1630000
person_0208,document_0208,user_0208@example.invalid,card_0208,63,Bello,Técnico electricista,2240000
person_0209,document_0209,user_0209@example.invalid,card_0209,49,Itagüí,Enfermera,3240000
person_0210,document_0210,user_0210@example.invalid,card_0210,55,Medellín,Analista financiera,3110000
person_0211,document_0211,user_0211@example.invalid,card_0211,37,Barranquilla,Docente,3110000
person_0212,document_0212,user_0212@example.invalid,card_0212,20,Bogotá,Enfermera,1570000
person_0213,document_0213,user_0213@example.invalid,card_0213,62,Cali,Administradora,1820000
person_0214,document_0214,user_0214@example.invalid,card_0214,54,Bello,Técnico electricista,3260000
person_0215,document_0215,user_0215@example.invalid,card_0215,23,Bello,Enfermera,2710000
person_0216,document_0216,user_0216@example.invalid,card_0216,35,Medellín,Docente,3050000
person_0217,document_0217,user_0217@example.invalid,card_0217,50,Cartagena,Técnico electricista,2320000
person_0218,document_0218,user_0218@example.invalid,card_0218,61,Medellín,Contadora,5880000
person_0219,document_0219,user_0219@example.invalid,card_0219,55,Cali,Docente,2240000
person_0220,document_0220,user_0220@example.invalid,card_0220,31,Cartagena,Técnico electricista,2400000
person_0221,document_0221,user_0221@example.invalid,card_0221,66,Medellín,Comerciante,4900000
person_0222,document_0222,user_0222@example.invalid,card_0222,36,Itagüí,Enfermera,2010000
person_0223,document_0223,user_0223@example.invalid,card_0223,31,Itagüí,Docente,4530000
person_0224,document_0224,user_0224@example.invalid,card_0224,30,Barranquilla,Ingeniero de sistemas,2090000
person_0225,document_0225,user_0225@example.invalid,card_0225,61,Cali,Docente,2600000
person_0226,document_0226,user_0226@example.invalid,card_0226,27,Cartagena,Administradora,2690000
person_0227,document_0227,user_0227@example.invalid,card_0227,26,Medellín,Analista financiera,4190000
person_0228,document_0228,user_0228@example.invalid,card_0228,44,Cartagena,Contadora,3050000
person_0229,document_0229,user_0229@example.invalid,card_0229,56,Bogotá,Enfermera,3220000
person_0230,document_0230,user_0230@example.invalid,card_0230,64,Bogotá,Abogada,4390000
person_0231,document_0231,user_0231@example.invalid,card_0231,50,Itagüí,Analista financiera,3760000
person_0232,document_0232,user_0232@example.invalid,card_0232,34,Medellín,Analista financiera,6460000
person_0233,document_0233,user_0233@example.invalid,card_0233,56,Bogotá,Técnico electricista,5010000
person_0234,document_0234,user_0234@example.invalid,card_0234,54,Bogotá,Abogada,5560000
person_0235,document_0235,user_0235@example.invalid,card_0235,48,Bogotá,Docente,4680000
person_0236,document_0236,user_0236@example.invalid,card_0236,47,Medellín,Contadora,4150000
person_0237,document_0237,user_0237@example.invalid,card_0237,34,Itagüí,Comerciante,2690000
person_0238,document_0238,user_0238@example.invalid,card_0238,44,Pereira,Comerciante,2700000
person_0239,document_0239,user_0239@example.invalid,card_0239,63,Bello,Contadora,3800000
person_0240,document_0240,user_0240@example.invalid,card_0240,35,Bello,Comerciante,4890000
person_0241,document_0241,user_0241@example.invalid,card_0241,40,Bogotá,Diseñadora gráfica,2870000
person_0242,document_0242,user_0242@example.invalid,card_0242,66,Bello,Enfermera,6260000
person_0243,document_0243,user_0243@example.invalid,card_0243,67,Envigado,Docente,4710000
person_0244,document_0244,user_0244@example.invalid,card_0244,60,Bogotá,Médico,4060000
person_0245,document_0245,user_0245@example.invalid,card_0245,38,Bogotá,Analista financiera,2450000
person_0246,document_0246,user_0246@example.invalid,card_0246,67,Envigado,Docente,5010000
person_0247,document_0247,user_0247@example.invalid,card_0247,20,Bogotá,Contadora,1040000
person_0248,document_0248,user_0248@example.invalid,card_0248,67,Pereira,Docente,4620000
person_0249,document_0249,user_0249@example.invalid,card_0249,37,Medellín,Contadora,4470000
person_0250,document_0250,user_0250@example.invalid,card_0250,54,Bogotá,Analista financiera,4470000
person_0251,document_0251,user_0251@example.invalid,card_0251,23,Barranquilla,Comerciante,2760000
person_0252,document_0252,user_0252@example.invalid,card_0252,51,Manizales,Analista financiera,3680000
person_0253,document_0253,user_0253@example.invalid,card_0253,63,Cali,Docente,5060000
person_0254,document_0254,user_0254@example.invalid,card_0254,41,Bogotá,Ingeniero de sistemas,4450000
person_0255,document_0255,user_0255@example.invalid,card_0255,40,Manizales,Arquitecta,2850000
person_0256,document_0256,user_0256@example.invalid,card_0256,20,Envigado,Docente,3150000
person_0257,document_0257,user_0257@example.invalid,card_0257,37,Cartagena,Técnico electricista,3680000
person_0258,document_0258,user_0258@example.invalid,card_0258,22,Cali,Analista financiera,3520000
person_0259,document_0259,user_0259@example.invalid,card_0259,53,Cartagena,Analista financiera,2540000
person_0260,document_0260,user_0260@example.invalid,card_0260,65,Manizales,Docente,4030000
person_0261,document_0261,user_0261@example.invalid,card_0261,53,Bogotá,Analista financiera,3870000
person_0262,document_0262,user_0262@example.invalid,card_0262,62,Medellín,Ingeniero de sistemas,7330000
person_0263,document_0263,user_0263@example.invalid,card_0263,53,Envigado,Diseñadora gráfica,5290000
person_0264,document_0264,user_0264@example.invalid,card_0264,28,Itagüí,Arquitecta,2630000
person_0265,document_0265,user_0265@example.invalid,card_0265,31,Bello,Comerciante,4300000
person_0266,document_0266,user_0266@example.invalid,card_0266,62,Bogotá,Docente,3070000
person_0267,document_0267,user_0267@example.invalid,card_0267,57,Barranquilla,Ingeniero de sistemas,3140000
person_0268,document_0268,user_0268@example.invalid,card_0268,62,Bogotá,Docente,3100000
person_0269,document_0269,user_0269@example.invalid,card_0269,50,Medellín,Administradora,3410000
person_0270,document_0270,user_0270@example.invalid,card_0270,44,Manizales,Analista financiera,4030000
person_0271,document_0271,user_0271@example.invalid,card_0271,34,Manizales,Docente,2710000
person_0272,document_0272,user_0272@example.invalid,card_0272,29,Medellín,Comerciante,3590000
person_0273,document_0273,user_0273@example.invalid,card_0273,20,Bello,Médico,2210000
person_0274,document_0274,user_0274@example.invalid,card_0274,30,Bogotá,Técnico electricista,2750000
person_0275,document_0275,user_0275@example.invalid,card_0275,26,Bello,Ingeniero de sistemas,4390000
person_0276,document_0276,user_0276@example.invalid,card_0276,45,Barranquilla,Ingeniero de sistemas,4310000
person_0277,document_0277,user_0277@example.invalid,card_0277,48,Bello,Analista financiera,3810000
person_0278,document_0278,user_0278@example.invalid,card_0278,65,Bogotá,Técnico electricista,3550000
person_0279,document_0279,user_0279@example.invalid,card_0279,55,Itagüí,Contadora,3510000
person_0280,document_0280,user_0280@example.invalid,card_0280,33,Medellín,Analista financiera,5290000
person_0281,document_0281,user_0281@example.invalid,card_0281,62,Cali,Contadora,2830000
person_0282,document_0282,user_0282@example.invalid,card_0282,50,Manizales,Médico,4320000
person_0283,document_0283,user_0283@example.invalid,card_0283,23,Bogotá,Enfermera,3380000
person_0284,document_0284,user_0284@example.invalid,card_0284,56,Medellín,Docente,4560000
person_0285,document_0285,user_0285@example.invalid,card_0285,50,Bogotá,Enfermera,9740000
person_0286,document_0286,user_0286@example.invalid,card_0286,45,Bogotá,Técnico electricista,2640000
person_0287,document_0287,user_0287@example.invalid,card_0287,46,Pereira,Diseñadora gráfica,1590000
person_0288,document_0288,user_0288@example.invalid,card_0288,66,Itagüí,Arquitecta,4440000
person_0289,document_0289,user_0289@example.invalid,card_0289,62,Manizales,Analista financiera,5580000
person_0290,document_0290,user_0290@example.invalid,card_0290,51,Medellín,Médico,4770000
person_0291,document_0291,user_0291@example.invalid,card_0291,21,Itagüí,Comerciante,3110000
person_0292,document_0292,user_0292@example.invalid,card_0292,56,Bogotá,Analista financiera,5420000
person_0293,document_0293,user_0293@example.invalid,card_0293,52,Bucaramanga,Arquitecta,2280000
person_0294,document_0294,user_0294@example.invalid,card_0294,52,Itagüí,Ingeniero de sistemas,4480000
person_0295,document_0295,user_0295@example.invalid,card_0295,61,Bogotá,Administradora,4590000
person_0296,document_0296,user_0296@example.invalid,card_0296,54,Bucaramanga,Abogada,3570000
person_0297,document_0297,user_0297@example.invalid,card_0297,39,Bogotá,Administradora,4750000
person_0298,document_0298,user_0298@example.invalid,card_0298,52,Rionegro,Comerciante,4110000
person_0299,document_0299,user_0299@example.invalid,card_0299,60,Cartagena,Ingeniero de sistemas,3180000
person_0300,document_0300,user_0300@example.invalid,card_0300,59,Envigado,Administradora,4300000
person_0301,document_0301,user_0301@example.invalid,card_0301,65,Bogotá,Administradora,7860000
person_0302,document_0302,user_0302@example.invalid,card_0302,58,Rionegro,Contadora,6840000
person_0303,document_0303,user_0303@example.invalid,card_0303,38,Bogotá,Comerciante,2920000
person_0304,document_0304,user_0304@example.invalid,card_0304,66,Envigado,Enfermera,4330000
person_0305,document_0305,user_0305@example.invalid,card_0305,45,Bello,Administradora,3010000
person_0306,document_0306,user_0306@example.invalid,card_0306,60,Itagüí,Enfermera,2690000
person_0307,document_0307,user_0307@example.invalid,card_0307,46,Bello,Analista financiera,3590000
person_0308,document_0308,user_0308@example.invalid,card_0308,65,Barranquilla,Administradora,3700000
person_0309,document_0309,user_0309@example.invalid,card_0309,21,Cartagena,Docente,1280000
person_0310,document_0310,user_0310@example.invalid,card_0310,61,Rionegro,Docente,4550000
person_0311,document_0311,user_0311@example.invalid,card_0311,20,Rionegro,Docente,2530000
person_0312,document_0312,user_0312@example.invalid,card_0312,27,Envigado,Arquitecta,4070000
person_0313,document_0313,user_0313@example.invalid,card_0313,28,Bogotá,Abogada,4280000
person_0314,document_0314,user_0314@example.invalid,card_0314,32,Manizales,Arquitecta,2920000
person_0315,document_0315,user_0315@example.invalid,card_0315,34,Cartagena,Docente,2010000
person_0316,document_0316,user_0316@example.invalid,card_0316,34,Medellín,Docente,2000000
person_0317,document_0317,user_0317@example.invalid,card_0317,30,Rionegro,Abogada,4510000
person_0318,document_0318,user_0318@example.invalid,card_0318,32,Envigado,Técnico electricista,2300000
person_0319,document_0319,user_0319@example.invalid,card_0319,63,Envigado,Técnico electricista,3090000
person_0320,document_0320,user_0320@example.invalid,card_0320,60,Bello,Administradora,4400000
person_0321,document_0321,user_0321@example.invalid,card_0321,47,Bello,Administradora,2980000
person_0322,document_0322,user_0322@example.invalid,card_0322,43,Pereira,Docente,2270000
person_0323,document_0323,user_0323@example.invalid,card_0323,23,Medellín,Arquitecta,3930000
person_0324,document_0324,user_0324@example.invalid,card_0324,47,Cali,Abogada,3490000
person_0325,document_0325,user_0325@example.invalid,card_0325,66,Bogotá,Enfermera,3480000
person_0326,document_0326,user_0326@example.invalid,card_0326,55,Medellín,Administradora,3470000
person_0327,document_0327,user_0327@example.invalid,card_0327,28,Medellín,Ingeniero de sistemas,3830000
person_0328,document_0328,user_0328@example.invalid,card_0328,48,Bucaramanga,Médico,6880000
person_0329,document_0329,user_0329@example.invalid,card_0329,37,Medellín,Arquitecta,6330000
person_0330,document_0330,user_0330@example.invalid,card_0330,29,Bello,Analista financiera,3650000
person_0331,document_0331,user_0331@example.invalid,card_0331,22,Medellín,Enfermera,4930000
person_0332,document_0332,user_0332@example.invalid,card_0332,53,Pereira,Administradora,2560000
person_0333,document_0333,user_0333@example.invalid,card_0333,57,Cartagena,Analista financiera,3840000
person_0334,document_0334,user_0334@example.invalid,card_0334,37,Pereira,Comerciante,2590000
person_0335,document_0335,user_0335@example.invalid,card_0335,32,Envigado,Técnico electricista,2190000
person_0336,document_0336,user_0336@example.invalid,card_0336,37,Medellín,Comerciante,3900000
person_0337,document_0337,user_0337@example.invalid,card_0337,21,Bogotá,Ingeniero de sistemas,4120000
person_0338,document_0338,user_0338@example.invalid,card_0338,29,Bello,Contadora,2450000
person_0339,document_0339,user_0339@example.invalid,card_0339,51,Bucaramanga,Docente,3310000
person_0340,document_0340,user_0340@example.invalid,card_0340,56,Medellín,Abogada,3420000
person_0341,document_0341,user_0341@example.invalid,card_0341,59,Itagüí,Diseñadora gráfica,2710000
person_0342,document_0342,user_0342@example.invalid,card_0342,48,Barranquilla,Administradora,3580000
person_0343,document_0343,user_0343@example.invalid,card_0343,57,Bogotá,Administradora,4040000
person_0344,document_0344,user_0344@example.invalid,card_0344,26,Pereira,Diseñadora gráfica,3200000
person_0345,document_0345,user_0345@example.invalid,card_0345,33,Bogotá,Contadora,3180000
person_0346,document_0346,user_0346@example.invalid,card_0346,47,Rionegro,Comerciante,3310000
person_0347,document_0347,user_0347@example.invalid,card_0347,31,Manizales,Diseñadora gráfica,2200000
person_0348,document_0348,user_0348@example.invalid,card_0348,20,Rionegro,Arquitecta,3350000
person_0349,document_0349,user_0349@example.invalid,card_0349,26,Bogotá,Diseñadora gráfica,2220000
person_0350,document_0350,user_0350@example.invalid,card_0350,21,Bogotá,Abogada,3180000
person_0351,document_0351,user_0351@example.invalid,card_0351,45,Cali,Abogada,7410000
person_0352,document_0352,user_0352@example.invalid,card_0352,59,Barranquilla,Comerciante,4680000
person_0353,document_0353,user_0353@example.invalid,card_0353,20,Cali,Comerciante,2050000
person_0354,document_0354,user_0354@example.invalid,card_0354,37,Medellín,Comerciante,5030000
person_0355,document_0355,user_0355@example.invalid,card_0355,58,Pereira,Docente,3090000
person_0356,document_0356,user_0356@example.invalid,card_0356,56,Envigado,Contadora,6400000
person_0357,document_0357,user_0357@example.invalid,card_0357,67,Rionegro,Diseñadora gráfica,2310000
person_0358,document_0358,user_0358@example.invalid,card_0358,26,Itagüí,Contadora,2170000
person_0359,document_0359,user_0359@example.invalid,card_0359,67,Bello,Administradora,3150000
person_0360,document_0360,user_0360@example.invalid,card_0360,26,Rionegro,Analista financiera,2740000
person_0361,document_0361,user_0361@example.invalid,card_0361,28,Bogotá,Docente,3660000
person_0362,document_0362,user_0362@example.invalid,card_0362,58,Bogotá,Administradora,7400000
person_0363,document_0363,user_0363@example.invalid,card_0363,50,Cartagena,Enfermera,4030000
person_0364,document_0364,user_0364@example.invalid,card_0364,44,Bucaramanga,Comerciante,3620000
person_0365,document_0365,user_0365@example.invalid,card_0365,47,Bello,Ingeniero de sistemas,3460000
person_0366,document_0366,user_0366@example.invalid,card_0366,37,Medellín,Enfermera,4070000
person_0367,document_0367,user_0367@example.invalid,card_0367,40,Medellín,Ingeniero de sistemas,8790000
person_0368,document_0368,user_0368@example.invalid,card_0368,55,Itagüí,Analista financiera,2860000
person_0369,document_0369,user_0369@example.invalid,card_0369,53,Rionegro,Analista financiera,5040000
person_0370,document_0370,user_0370@example.invalid,card_0370,28,Medellín,Enfermera,2440000
person_0371,document_0371,user_0371@example.invalid,card_0371,22,Medellín,Docente,1520000
person_0372,document_0372,user_0372@example.invalid,card_0372,56,Bello,Comerciante,4570000
person_0373,document_0373,user_0373@example.invalid,card_0373,57,Envigado,Comerciante,7120000
person_0374,document_0374,user_0374@example.invalid,card_0374,30,Itagüí,Abogada,2900000
person_0375,document_0375,user_0375@example.invalid,card_0375,27,Bogotá,Enfermera,3290000
person_0376,document_0376,user_0376@example.invalid,card_0376,28,Itagüí,Administradora,2840000
person_0377,document_0377,user_0377@example.invalid,card_0377,63,Medellín,Analista financiera,3880000
person_0378,document_0378,user_0378@example.invalid,card_0378,54,Cali,Arquitecta,4890000
person_0379,document_0379,user_0379@example.invalid,card_0379,63,Cartagena,Enfermera,4060000
person_0380,document_0380,user_0380@example.invalid,card_0380,66,Envigado,Médico,5480000
person_0381,document_0381,user_0381@example.invalid,card_0381,57,Cali,Administradora,3350000
person_0382,document_0382,user_0382@example.invalid,card_0382,31,Manizales,Docente,2430000
person_0383,document_0383,user_0383@example.invalid,card_0383,25,Pereira,Técnico electricista,3440000
person_0384,document_0384,user_0384@example.invalid,card_0384,44,Itagüí,Administradora,2600000
person_0385,document_0385,user_0385@example.invalid,card_0385,31,Itagüí,Administradora,2580000
person_0386,document_0386,user_0386@example.invalid,card_0386,22,Cartagena,Comerciante,2110000
person_0387,document_0387,user_0387@example.invalid,card_0387,26,Pereira,Administradora,4470000
person_0388,document_0388,user_0388@example.invalid,card_0388,26,Cali,Comerciante,2640000
person_0389,document_0389,user_0389@example.invalid,card_0389,67,Barranquilla,Contadora,2540000
person_0390,document_0390,user_0390@example.invalid,card_0390,26,Cali,Docente,2690000
person_0391,document_0391,user_0391@example.invalid,card_0391,44,Cartagena,Docente,1740000
person_0392,document_0392,user_0392@example.invalid,card_0392,47,Rionegro,Arquitecta,5840000
person_0393,document_0393,user_0393@example.invalid,card_0393,29,Pereira,Diseñadora gráfica,2460000
person_0394,document_0394,user_0394@example.invalid,card_0394,28,Bogotá,Ingeniero de sistemas,4420000
person_0395,document_0395,user_0395@example.invalid,card_0395,36,Cali,Docente,3240000
person_0396,document_0396,user_0396@example.invalid,card_0396,61,Bello,Técnico electricista,3370000
person_0397,document_0397,user_0397@example.invalid,card_0397,64,Rionegro,Técnico electricista,5410000
person_0398,document_0398,user_0398@example.invalid,card_0398,40,Bogotá,Arquitecta,2710000
person_0399,document_0399,user_0399@example.invalid,card_0399,56,Medellín,Contadora,3830000
person_0400,document_0400,user_0400@example.invalid,card_0400,64,Medellín,Arquitecta,5180000
person_0401,document_0401,user_0401@example.invalid,card_0401,61,Pereira,Técnico electricista,3610000
person_0402,document_0402,user_0402@example.invalid,card_0402,26,Pereira,Ingeniero de sistemas,2430000
person_0403,document_0403,user_0403@example.invalid,card_0403,42,Itagüí,Administradora,3890000
person_0404,document_0404,user_0404@example.invalid,card_0404,34,Itagüí,Administradora,2900000
person_0405,document_0405,user_0405@example.invalid,card_0405,60,Cartagena,Enfermera,3940000
person_0406,document_0406,user_0406@example.invalid,card_0406,37,Cali,Abogada,3140000
person_0407,document_0407,user_0407@example.invalid,card_0407,60,Barranquilla,Comerciante,3120000
person_0408,document_0408,user_0408@example.invalid,card_0408,55,Manizales,Enfermera,2800000
person_0409,document_0409,user_0409@example.invalid,card_0409,42,Barranquilla,Ingeniero de sistemas,4850000
person_0410,document_0410,user_0410@example.invalid,card_0410,55,Barranquilla,Ingeniero de sistemas,4250000
person_0411,document_0411,user_0411@example.invalid,card_0411,40,Envigado,Contadora,4690000
person_0412,document_0412,user_0412@example.invalid,card_0412,52,Bucaramanga,Médico,6420000
person_0413,document_0413,user_0413@example.invalid,card_0413,47,Bogotá,Técnico electricista,2950000
person_0414,document_0414,user_0414@example.invalid,card_0414,41,Barranquilla,Médico,3240000
person_0415,document_0415,user_0415@example.invalid,card_0415,58,Manizales,Docente,1980000
person_0416,document_0416,user_0416@example.invalid,card_0416,47,Rionegro,Abogada,1840000
person_0417,document_0417,user_0417@example.invalid,card_0417,48,Bello,Técnico electricista,2150000
person_0418,document_0418,user_0418@example.invalid,card_0418,54,Bello,Abogada,4170000
person_0419,document_0419,user_0419@example.invalid,card_0419,35,Bucaramanga,Arquitecta,2440000
person_0420,document_0420,user_0420@example.invalid,card_0420,29,Itagüí,Administradora,2910000
person_0421,document_0421,user_0421@example.invalid,card_0421,22,Bello,Ingeniero de sistemas,2550000
person_0422,document_0422,user_0422@example.invalid,card_0422,65,Cali,Abogada,4510000
person_0423,document_0423,user_0423@example.invalid,card_0423,54,Rionegro,Comerciante,3240000
person_0424,document_0424,user_0424@example.invalid,card_0424,51,Envigado,Analista financiera,4490000
person_0425,document_0425,user_0425@example.invalid,card_0425,57,Manizales,Ingeniero de sistemas,6350000
person_0426,document_0426,user_0426@example.invalid,card_0426,29,Barranquilla,Docente,3090000
person_0427,document_0427,user_0427@example.invalid,card_0427,41,Cali,Médico,5970000
person_0428,document_0428,user_0428@example.invalid,card_0428,31,Barranquilla,Abogada,3700000
person_0429,document_0429,user_0429@example.invalid,card_0429,59,Itagüí,Analista financiera,4240000
person_0430,document_0430,user_0430@example.invalid,card_0430,36,Medellín,Comerciante,5170000
person_0431,document_0431,user_0431@example.invalid,card_0431,45,Medellín,Administradora,3200000
person_0432,document_0432,user_0432@example.invalid,card_0432,48,Bogotá,Contadora,3090000
person_0433,document_0433,user_0433@example.invalid,card_0433,41,Itagüí,Diseñadora gráfica,4350000
person_0434,document_0434,user_0434@example.invalid,card_0434,62,Bucaramanga,Enfermera,2560000
person_0435,document_0435,user_0435@example.invalid,card_0435,56,Cali,Comerciante,4500000
person_0436,document_0436,user_0436@example.invalid,card_0436,35,Medellín,Ingeniero de sistemas,4900000
person_0437,document_0437,user_0437@example.invalid,card_0437,56,Medellín,Administradora,4470000
person_0438,document_0438,user_0438@example.invalid,card_0438,31,Rionegro,Docente,2850000
person_0439,document_0439,user_0439@example.invalid,card_0439,58,Medellín,Comerciante,4250000
person_0440,document_0440,user_0440@example.invalid,card_0440,63,Cartagena,Analista financiera,3890000
person_0441,document_0441,user_0441@example.invalid,card_0441,50,Bogotá,Administradora,4900000
person_0442,document_0442,user_0442@example.invalid,card_0442,50,Envigado,Administradora,5360000
person_0443,document_0443,user_0443@example.invalid,card_0443,34,Cali,Docente,2560000
person_0444,document_0444,user_0444@example.invalid,card_0444,58,Manizales,Arquitecta,4010000
person_0445,document_0445,user_0445@example.invalid,card_0445,47,Barranquilla,Enfermera,3900000
person_0446,document_0446,user_0446@example.invalid,card_0446,28,Cali,Técnico electricista,1870000
person_0447,document_0447,user_0447@example.invalid,card_0447,67,Itagüí,Administradora,3570000
person_0448,document_0448,user_0448@example.invalid,card_0448,56,Envigado,Técnico electricista,4730000
person_0449,document_0449,user_0449@example.invalid,card_0449,43,Medellín,Contadora,3620000
person_0450,document_0450,user_0450@example.invalid,card_0450,61,Pereira,Ingeniero de sistemas,5390000
person_0451,document_0451,user_0451@example.invalid,card_0451,30,Barranquilla,Comerciante,2890000
person_0452,document_0452,user_0452@example.invalid,card_0452,21,Bello,Docente,2090000
person_0453,document_0453,user_0453@example.invalid,card_0453,52,Bogotá,Administradora,3740000
person_0454,document_0454,user_0454@example.invalid,card_0454,64,Bucaramanga,Enfermera,3430000
person_0455,document_0455,user_0455@example.invalid,card_0455,63,Bello,Médico,4520000
person_0456,document_0456,user_0456@example.invalid,card_0456,49,Rionegro,Técnico electricista,2180000
person_0457,document_0457,user_0457@example.invalid,card_0457,33,Cartagena,Administradora,1500000
person_0458,document_0458,user_0458@example.invalid,card_0458,66,Itagüí,Administradora,2120000
person_0459,document_0459,user_0459@example.invalid,card_0459,63,Bogotá,Ingeniero de sistemas,3270000
person_0460,document_0460,user_0460@example.invalid,card_0460,45,Medellín,Analista financiera,5250000
person_0461,document_0461,user_0461@example.invalid,card_0461,24,Manizales,Analista financiera,4230000
person_0462,document_0462,user_0462@example.invalid,card_0462,45,Pereira,Enfermera,1940000
person_0463,document_0463,user_0463@example.invalid,card_0463,66,Bello,Docente,3290000
person_0464,document_0464,user_0464@example.invalid,card_0464,58,Pereira,Administradora,2980000
person_0465,document_0465,user_0465@example.invalid,card_0465,52,Cali,Ingeniero de sistemas,4220000
person_0466,document_0466,user_0466@example.invalid,card_0466,51,Rionegro,Ingeniero de sistemas,4880000
person_0467,document_0467,user_0467@example.invalid,card_0467,60,Envigado,Docente,3410000
person_0468,document_0468,user_0468@example.invalid,card_0468,62,Medellín,Ingeniero de sistemas,4560000
person_0469,document_0469,user_0469@example.invalid,card_0469,42,Rionegro,Administradora,2060000
person_0470,document_0470,user_0470@example.invalid,card_0470,35,Bogotá,Arquitecta,6010000
person_0471,document_0471,user_0471@example.invalid,card_0471,54,Itagüí,Docente,2020000
person_0472,document_0472,user_0472@example.invalid,card_0472,35,Cali,Comerciante,2600000
person_0473,document_0473,user_0473@example.invalid,card_0473,55,Medellín,Comerciante,4190000
person_0474,document_0474,user_0474@example.invalid,card_0474,27,Itagüí,Ingeniero de sistemas,2850000
person_0475,document_0475,user_0475@example.invalid,card_0475,37,Pereira,Técnico electricista,2520000
person_0476,document_0476,user_0476@example.invalid,card_0476,50,Cali,Comerciante,2130000
person_0477,document_0477,user_0477@example.invalid,card_0477,23,Bogotá,Comerciante,3510000
person_0478,document_0478,user_0478@example.invalid,card_0478,29,Cartagena,Administradora,2410000
person_0479,document_0479,user_0479@example.invalid,card_0479,35,Bello,Arquitecta,2240000
person_0480,document_0480,user_0480@example.invalid,card_0480,59,Medellín,Enfermera,4610000
person_0481,document_0481,user_0481@example.invalid,card_0481,36,Cali,Administradora,1850000
person_0482,document_0482,user_0482@example.invalid,card_0482,56,Cartagena,Técnico electricista,2630000
person_0483,document_0483,user_0483@example.invalid,card_0483,61,Bogotá,Diseñadora gráfica,6440000
person_0484,document_0484,user_0484@example.invalid,card_0484,31,Cartagena,Ingeniero de sistemas,3470000
person_0485,document_0485,user_0485@example.invalid,card_0485,52,Rionegro,Docente,2240000
person_0486,document_0486,user_0486@example.invalid,card_0486,35,Cali,Ingeniero de sistemas,4160000
person_0487,document_0487,user_0487@example.invalid,card_0487,62,Bogotá,Ingeniero de sistemas,3440000
person_0488,document_0488,user_0488@example.invalid,card_0488,22,Pereira,Médico,4520000
person_0489,document_0489,user_0489@example.invalid,card_0489,39,Bello,Ingeniero de sistemas,4610000
person_0490,document_0490,user_0490@example.invalid,card_0490,21,Pereira,Contadora,2870000
person_0491,document_0491,user_0491@example.invalid,card_0491,56,Envigado,Docente,4420000
person_0492,document_0492,user_0492@example.invalid,card_0492,25,Itagüí,Ingeniero de sistemas,5260000
person_0493,document_0493,user_0493@example.invalid,card_0493,22,Medellín,Abogada,3580000
person_0494,document_0494,user_0494@example.invalid,card_0494,30,Envigado,Administradora,3290000
person_0495,document_0495,user_0495@example.invalid,card_0495,36,Rionegro,Comerciante,3610000
person_0496,document_0496,user_0496@example.invalid,card_0496,34,Medellín,Administradora,5110000
person_0497,document_0497,user_0497@example.invalid,card_0497,67,Bucaramanga,Contadora,3610000
person_0498,document_0498,user_0498@example.invalid,card_0498,56,Bogotá,Analista financiera,4220000
person_0499,document_0499,user_0499@example.invalid,card_0499,42,Medellín,Analista financiera,6070000
person_0500,document_0500,user_0500@example.invalid,card_0500,42,Pereira,Diseñadora gráfica,1860000
person_0501,document_0501,user_0501@example.invalid,card_0501,30,Medellín,Abogada,2380000
person_0502,document_0502,user_0502@example.invalid,card_0502,52,Cali,Arquitecta,3090000
person_0503,document_0503,user_0503@example.invalid,card_0503,58,Manizales,Contadora,4630000
person_0504,document_0504,user_0504@example.invalid,card_0504,21,Itagüí,Administradora,3250000
person_0505,document_0505,user_0505@example.invalid,card_0505,47,Medellín,Técnico electricista,3380000
person_0506,document_0506,user_0506@example.invalid,card_0506,60,Pereira,Comerciante,4360000
person_0507,document_0507,user_0507@example.invalid,card_0507,33,Medellín,Enfermera,1220000
person_0508,document_0508,user_0508@example.invalid,card_0508,46,Bogotá,Arquitecta,6080000
person_0509,document_0509,user_0509@example.invalid,card_0509,34,Bello,Diseñadora gráfica,3020000
person_0510,document_0510,user_0510@example.invalid,card_0510,56,Medellín,Docente,3380000
person_0511,document_0511,user_0511@example.invalid,card_0511,39,Bello,Contadora,1850000
person_0512,document_0512,user_0512@example.invalid,card_0512,20,Medellín,Técnico electricista,2500000
person_0513,document_0513,user_0513@example.invalid,card_0513,29,Cali,Administradora,3160000
person_0514,document_0514,user_0514@example.invalid,card_0514,27,Medellín,Analista financiera,3740000
person_0515,document_0515,user_0515@example.invalid,card_0515,27,Cali,Contadora,3840000
person_0516,document_0516,user_0516@example.invalid,card_0516,57,Pereira,Contadora,4930000
person_0517,document_0517,user_0517@example.invalid,card_0517,25,Medellín,Contadora,4570000
person_0518,document_0518,user_0518@example.invalid,card_0518,27,Itagüí,Comerciante,3750000
person_0519,document_0519,user_0519@example.invalid,card_0519,27,Medellín,Abogada,3880000
person_0520,document_0520,user_0520@example.invalid,card_0520,34,Bogotá,Enfermera,2140000
person_0521,document_0521,user_0521@example.invalid,card_0521,28,Envigado,Contadora,2950000
person_0522,document_0522,user_0522@example.invalid,card_0522,61,Rionegro,Comerciante,5790000
person_0523,document_0523,user_0523@example.invalid,card_0523,60,Cartagena,Técnico electricista,2810000
person_0524,document_0524,user_0524@example.invalid,card_0524,33,Bogotá,Comerciante,3810000
person_0525,document_0525,user_0525@example.invalid,card_0525,56,Bogotá,Abogada,6080000
person_0526,document_0526,user_0526@example.invalid,card_0526,45,Bogotá,Ingeniero de sistemas,5790000
person_0527,document_0527,user_0527@example.invalid,card_0527,37,Medellín,Docente,2390000
person_0528,document_0528,user_0528@example.invalid,card_0528,47,Cali,Técnico electricista,2230000
person_0529,document_0529,user_0529@example.invalid,card_0529,24,Pereira,Abogada,1810000
person_0530,document_0530,user_0530@example.invalid,card_0530,34,Envigado,Contadora,2350000
person_0531,document_0531,user_0531@example.invalid,card_0531,43,Medellín,Enfermera,1940000
person_0532,document_0532,user_0532@example.invalid,card_0532,33,Medellín,Arquitecta,4540000
person_0533,document_0533,user_0533@example.invalid,card_0533,64,Medellín,Ingeniero de sistemas,5420000
person_0534,document_0534,user_0534@example.invalid,card_0534,47,Bello,Comerciante,4160000
person_0535,document_0535,user_0535@example.invalid,card_0535,25,Cartagena,Comerciante,4290000
person_0536,document_0536,user_0536@example.invalid,card_0536,28,Bogotá,Arquitecta,4690000
person_0537,document_0537,user_0537@example.invalid,card_0537,50,Bello,Médico,2740000
person_0538,document_0538,user_0538@example.invalid,card_0538,62,Envigado,Enfermera,4240000
person_0539,document_0539,user_0539@example.invalid,card_0539,63,Bogotá,Contadora,6240000
person_0540,document_0540,user_0540@example.invalid,card_0540,24,Envigado,Técnico electricista,3090000
person_0541,document_0541,user_0541@example.invalid,card_0541,59,Pereira,Analista financiera,6030000
person_0542,document_0542,user_0542@example.invalid,card_0542,45,Medellín,Contadora,3140000
person_0543,document_0543,user_0543@example.invalid,card_0543,67,Itagüí,Enfermera,2240000
person_0544,document_0544,user_0544@example.invalid,card_0544,53,Envigado,Ingeniero de sistemas,5510000
person_0545,document_0545,user_0545@example.invalid,card_0545,48,Medellín,Contadora,5000000
person_0546,document_0546,user_0546@example.invalid,card_0546,24,Bogotá,Comerciante,1840000
person_0547,document_0547,user_0547@example.invalid,card_0547,54,Cartagena,Diseñadora gráfica,4990000
person_0548,document_0548,user_0548@example.invalid,card_0548,33,Manizales,Contadora,3430000
person_0549,document_0549,user_0549@example.invalid,card_0549,35,Envigado,Administradora,3770000
person_0550,document_0550,user_0550@example.invalid,card_0550,49,Rionegro,Administradora,2300000
person_0551,document_0551,user_0551@example.invalid,card_0551,38,Bogotá,Analista financiera,4770000
person_0552,document_0552,user_0552@example.invalid,card_0552,43,Bucaramanga,Ingeniero de sistemas,2820000
person_0553,document_0553,user_0553@example.invalid,card_0553,30,Pereira,Contadora,2900000
person_0554,document_0554,user_0554@example.invalid,card_0554,65,Cali,Administradora,2680000
person_0555,document_0555,user_0555@example.invalid,card_0555,27,Pereira,Ingeniero de sistemas,4850000
person_0556,document_0556,user_0556@example.invalid,card_0556,64,Medellín,Abogada,4340000
person_0557,document_0557,user_0557@example.invalid,card_0557,62,Bucaramanga,Enfermera,3600000
person_0558,document_0558,user_0558@example.invalid,card_0558,51,Manizales,Comerciante,2350000
person_0559,document_0559,user_0559@example.invalid,card_0559,48,Medellín,Enfermera,4140000
person_0560,document_0560,user_0560@example.invalid,card_0560,46,Itagüí,Comerciante,4070000
person_0561,document_0561,user_0561@example.invalid,card_0561,58,Medellín,Analista financiera,4100000
person_0562,document_0562,user_0562@example.invalid,card_0562,65,Medellín,Técnico electricista,5870000
person_0563,document_0563,user_0563@example.invalid,card_0563,58,Medellín,Docente,4450000
person_0564,document_0564,user_0564@example.invalid,card_0564,31,Bello,Abogada,3610000
person_0565,document_0565,user_0565@example.invalid,card_0565,61,Envigado,Docente,5610000
person_0566,document_0566,user_0566@example.invalid,card_0566,31,Bogotá,Arquitecta,3830000
person_0567,document_0567,user_0567@example.invalid,card_0567,49,Medellín,Enfermera,4280000
person_0568,document_0568,user_0568@example.invalid,card_0568,24,Pereira,Comerciante,1660000
person_0569,document_0569,user_0569@example.invalid,card_0569,46,Envigado,Abogada,4800000
person_0570,document_0570,user_0570@example.invalid,card_0570,57,Cartagena,Enfermera,3570000
person_0571,document_0571,user_0571@example.invalid,card_0571,29,Cali,Abogada,3670000
person_0572,document_0572,user_0572@example.invalid,card_0572,22,Cali,Ingeniero de sistemas,3950000
person_0573,document_0573,user_0573@example.invalid,card_0573,55,Bello,Contadora,4490000
person_0574,document_0574,user_0574@example.invalid,card_0574,63,Medellín,Administradora,6450000
person_0575,document_0575,user_0575@example.invalid,card_0575,22,Bello,Administradora,1860000
person_0576,document_0576,user_0576@example.invalid,card_0576,53,Barranquilla,Ingeniero de sistemas,3740000
person_0577,document_0577,user_0577@example.invalid,card_0577,56,Itagüí,Administradora,3140000
person_0578,document_0578,user_0578@example.invalid,card_0578,50,Rionegro,Ingeniero de sistemas,2270000
person_0579,document_0579,user_0579@example.invalid,card_0579,44,Manizales,Técnico electricista,2380000
person_0580,document_0580,user_0580@example.invalid,card_0580,58,Medellín,Analista financiera,4610000
person_0581,document_0581,user_0581@example.invalid,card_0581,36,Envigado,Ingeniero de sistemas,2900000
person_0582,document_0582,user_0582@example.invalid,card_0582,34,Bogotá,Arquitecta,2300000
person_0583,document_0583,user_0583@example.invalid,card_0583,42,Bogotá,Comerciante,2560000
person_0584,document_0584,user_0584@example.invalid,card_0584,28,Medellín,Comerciante,2990000
person_0585,document_0585,user_0585@example.invalid,card_0585,59,Envigado,Docente,2970000
person_0586,document_0586,user_0586@example.invalid,card_0586,27,Medellín,Arquitecta,4840000
person_0587,document_0587,user_0587@example.invalid,card_0587,28,Manizales,Administradora,3650000
person_0588,document_0588,user_0588@example.invalid,card_0588,41,Bogotá,Enfermera,3470000
person_0589,document_0589,user_0589@example.invalid,card_0589,59,Manizales,Docente,2510000
person_0590,document_0590,user_0590@example.invalid,card_0590,55,Cartagena,Comerciante,6300000
person_0591,document_0591,user_0591@example.invalid,card_0591,61,Bogotá,Enfermera,3640000
person_0592,document_0592,user_0592@example.invalid,card_0592,56,Cali,Ingeniero de sistemas,3920000
person_0593,document_0593,user_0593@example.invalid,card_0593,46,Bogotá,Comerciante,2740000
person_0594,document_0594,user_0594@example.invalid,card_0594,53,Medellín,Arquitecta,3090000
person_0595,document_0595,user_0595@example.invalid,card_0595,43,Bogotá,Médico,4260000
person_0596,document_0596,user_0596@example.invalid,card_0596,20,Envigado,Médico,2160000
person_0597,document_0597,user_0597@example.invalid,card_0597,27,Medellín,Comerciante,6090000
person_0598,document_0598,user_0598@example.invalid,card_0598,34,Bogotá,Ingeniero de sistemas,4030000
person_0599,document_0599,user_0599@example.invalid,card_0599,59,Cartagena,Diseñadora gráfica,4140000
person_0600,document_0600,user_0600@example.invalid,card_0600,33,Cartagena,Comerciante,3960000
