author,count
Tagliaro C.,8
Kim J.,7
Pomè A.P.,7
Rogers D.,5
Maalsen S.,5
Adilieme C.M.,5
Abidoye R.B.,5
Lee C.L.,5
Crager S.E.,4
Kasim R.S.R.,3
Worzala E.,3
Wolifson P.,3
Fields D.,3
Wang D.,3
Rimmer M.,3
May M.,3
Ullah F.,3
Zhang Y.,3
Kassner A.J.,3
Ariffin W.N.M.,2
Kozenkov V.M.,2
Belyaev V.V.,2
Chausov D.N.,2
Wyman D.,2
Liu W.,2
Padmanabhan S.,2
Amin T.,2
Sampat B.,2
Cook-Deegan R.,2
Chandrasekharan S.,2
Wang X.,2
Liu J.,2
Sun J.,2
Lee S.,2
Hülsenberg D.,2
Harnisch A.,2
Jakob C.,2
Straube B.,2
Sepasgozar S.M.E.,2
Maududy C.F.,2
Gamal A.,2
Phan T.,2
Lim H.,2
Han Y.,2
Lee D.,2
Hwang J.-H.,2
Starr C.W.,2
Liu H.,2
Kurzrock B.-M.,2
Yam S.,2
Susilawati C.,2
Blake A.,2
Ramadan M.F.,2
Seiler M.J.,2
Asensio-Soto J.C.,2
Navarro-Astor E.,2
Ahiadu A.A.,2
Alamoudi A.K.,2
Krass Ya.R.,2
Vigren O.,2
Zhu B.,2
Oksanen A.,2
Li X.,2
Yang Y.,2
Tang W.,2
Humber N.J.,2
Jasimin T.H.,2
Wang F.,2
Oladiran O.,2
Ciaramella G.,2
Sadowski J.,2
Poleg D.,2
Pande S.S.,1
Mandolikar S.,1
Shitole S.,1
Daftary D.,1
Jack M.,1
Salengke S.,1
Hasizah A.,1
Reta,1
Mochtar A.A.,1
Yu X.,1
Zhang D.,1
He D.,1
Ocampo J.,1
Deerasamee O.,1
Chaisawadi S.,1
Migozzi J.,1
Korologos C.,1
Herman M.A.,1
Yenkie K.M.,1
Burnham S.,1
Dailey J.,1
Cabezas H.,1
Friedler F.,1
Thayer A.M.,1
Spakhov A.A.,1
Eskandarpour P.,1
Clayton J.,1
Fabozzi F.J.,1
Giliberto S.M.,1
Gordon J.N.,1
Liang Y.,1
Mackinnon G.,1
Mansour A.,1
Tan Z.,1
Miller N.G.,1
Mancuso P.,1
Walter Alexander,1
Chandra S.,1
Elrashidi A.,1
Purushotham S.,1
Karthick C.,1
Manogna D.,1
Dinesh M.,1
Feth M.,1
Bouasabah M.,1
Dagani R.,1
Taylor N.J.,1
Halsey M.,1
Gaitán-Solís E.,1
Anderson P.,1
Gichuki S.,1
Miano D.,1
Bua A.,1
Alicai T.,1
Fauquet C.M.,1
Brown C.G.,1
Rushing F.W.,1
Lesniewski P.J.,1
Zainal Abidin N.N.,1
Basrah N.,1
Rahim N.A.,1
Payumo J.G.,1
Assem S.,1
Bhooshan N.,1
Galhena H.,1
Mbabazi R.,1
Maredia K.,1
Correia J.,1
Vieira L.,1
Rodriguez-Fernandez N.,1
Romero J.,1
Machado P.,1
Muhammad M.Z.,1
Azman W.F.A.C.,1
Hasbolah H.,1
Abdul Rahim Merican R.M.B.,1
Valverde A.,1
González J.A.,1
Sevilla F.,1
Calderón-Ferrey M.,1
Jiménez G.,1
Monge-Ureña S.,1
Araya-Zúñiga I.,1
González R.,1
Cho Y.,1
Phelps C.,1
Wood G.A.,1
Smith S.J.,1
Vifor R.O.J.,1
Cao W.,1
Bouchareb N.,1
Bruce M.,1
Solomon M.,1
Sudheendranath C.S.,1
Deilmann C.,1
Then D.,1
Tochaiwat K.,1
Budda A.,1
Seniwong P.,1
Radu O.-M.,1
Dragomir V.D.,1
Kazarov S.A.,1
Adediran A.O.,1
Mohd Aini A.,1
Ajibade S.M.,1
Cocola-Gant A.,1
Janoschka M.,1
Cheruiyot K.,1
Gamede L.,1
Lord W.,1
Udpa S.,1
Harris R.S.,1
Ylanen H.O.,1
Nguyen B.M.A.,1
Duong T.K.,1
Nguyen T.L.,1
Tran H.C.,1
Lee P.-C.,1
Liu P.-J.,1
Lavy S.,1
Kintzi K.,1
Nilsson D.,1
Karpouzoglou T.,1
Wallin J.,1
Blomkvist P.,1
Golzar F.,1
Martin V.,1
Mo Y.,1
Dai C.,1
Chen Y.,1
Yang N.,1
Tang Y.,1
Joo M.-J.,1
Le N.-B.-V.,1
Huh J.-H.,1
Ko H.-J.,1
Liu Y.,1
Watkins N.,1
Ehart J.,1
Tapia J.,1
Ebbert A.,1
Siochi E.J.,1
Cano R.J.,1
Wincheski R.A.,1
Ratcliffe J.G.,1
Jensen B.D.,1
Wise K.E.,1
Kim J.-W.,1
Sauti G.,1
Czabaj M.,1
Raju V.,1
Wahab D.A.,1
Amoozegar A.,1
Jia P.,1
Bo C.,1
Hu L.,1
Zhou J.,1
Zhou Y.,1
Wang C.,1
Cummings A.S.,1
Dan T.,1
Camelia L.,1
Lupsa S.-R.,1
Horia-Dan A.,1
Wan Rodi W.N.,1
Mohd Yusof N.S.,1
Mohd Arif N.A.,1
Al-Turjman F.,1
Zekri M.,1
Kumar A.,1
Katiyar J.K.,1
Bird M.G.,1
Yang C.,1
Sun S.,1
Wei H.,1
Zhao L.L.,1
Yao P.,1
Wei T.X.,1
Liu S.,1
Xing H.F.,1
Bagby J.W.,1
Rutschman A.S.,1
Kausar F.,1
Asif H.M.,1
Hussain S.,1
Mumtaz S.,1
Alyassi A.M.A.A.,1
Zakaria N.,1
Boge K.,1
Mui Ling Dyana C.,1
Hamid R.,1
Lajuni N.,1
Suki N.M.,1
Fahad A.M.,1
Ahmed A.A.,1
Kahar M.N.M.,1
Vilha A.M.,1
Ferreira F.D.,1
Baltazar L.F.,1
de Medeiros D.M.R.,1
Suen A.,1
Fornies S.,1
Wofford L.E.,1
Gong S.,1
Zhu R.,1
Wen F.,1
Duan B.,1
Zhang C.,1
Oza V.J.,1
Nikte A.,1
Bhanushali V.,1
Rote U.,1
Miao L.-D.,1
Wang G.-D.,1
Gao J.-Q.,1
Wu J.-F.,1
Kesan J.,1
White T.,1
Huang F.,1
Rothenbusch J.,1
Schütz K.,1
Fellenz S.,1
TSCHENTKE G,1
Nguyen B.T.,1
Doan T.T.N.,1
Huynh S.T.,1
Tran K.Q.,1
Nguyen A.T.,1
Le A.T.-H.,1
Tran A.M.,1
Ho N.,1
Nguyen T.T.,1
Huynh D.T.,1
Huamin W.,1
Fuling B.,1
Huang C.-T.,1
Hsu M.-F.,1
Rabby F.,1
Chimhundu R.,1
Hassan R.,1
Talbi M.A.,1
Leguefche A.E.,1
Belguidoum M.,1
Seriai A.-D.,1
Richardson D.,1
Rhodes C.L.,1
Roman O.V.,1
Panteleenko F.I.,1
Reut O.P.,1
Shmuradko V.T.,1
Kirshina N.V.,1
Zhilevich A.V.,1
Katsumata G.,1
Motohashi E.,1
Soundararaj B.,1
Pettit C.,1
Lock O.,1
Katz Manfred,1
Narendrakumar C.,1
Pradeep M.,1
Rajeswaran N.,1
Samrajlawrence T.,1
Choi M.,1
Ryu G.,1
Van Huy P.,1
Shaw J.,1
Rogers P.A.,1
Ding H.,1
Moussa Ayoub T.E.,1
Rohn S.,1
Arcuri N.,1
De Ruggiero M.,1
Salvo F.,1
Zinno R.,1
BIELY W.A.,1
PINCZUK L.S.,1
NIEWIEROW A.S.,1
MICHNIEWICZ A.S.,1
KUPCZINOW B.I.,1
Outay F.,1
Kammoun F.,1
Kaisser F.,1
Atiquzzaman M.,1
Anderson J.T.,1
Fuerst F.,1
Peiser R.B.,1
Hamza Z.S.,1
Trincado-Munoz F.,1
van Meeteren M.,1
Rubin T.H.,1
Vorley T.,1
McElroy E.,1
Mogaji E.,1
Wirtz J.,1
Belk R.W.,1
Dwivedi Y.K.,1
Boyd S.,1
Shirowzhan S.,1
Davis S.,1
Migliore A.,1
Danivska V.,1
Moro M.F.,1
de Souza Mendonça A.K.,1
de Andrade D.F.,1
Jiang X.-W.,1
Soulis S.,1
Konstantopoulos G.,1
Koumoulos E.P.,1
Charitidis C.A.,1
Sinisterra R.D.,1
Speziali M.G.,1
Guimarães P.P.G.,1
Da Silva A.M.,1
Prepilkova V.,1
Poništ J.,1
Schwarz M.,1
Samešová D.,1
Gillespie C.,1
Hinson C.,1
Ylänen H.,1
Mansfield E.,1
Stucki P.,1
Bangura M.,1
Oyedokun T.B.,1
Appukuttan S.,1
Jayan J.S.,1
Sethulekshmi A.S.,1
Kadefors A.,1
Eriksson K.,1
Dmitriev S.S.,1
Korolev I.S.,1
Venker N.T.,1
Epstein K.,1
Venker M.,1
Kanawka K.,1
Drewczynski W.,1
Mickiewicz M.,1
Korybut-Kotulewski A.,1
Leonowicz W.,1
Jarosz M.,1
Bukar A.A.,1
Rahman M.S.A.,1
Jagun Z.T.,1
Samsudin S.,1
Akande O.K.,1
Cajias M.,1
Cvetkovic A.,1
Savolainen I.,1
Koike M.,1
Baffour Awuah K.G.,1
Bijimi C.K.,1
Ogbonda U.J.,1
Rodima-Taylor D.,1
Krasnyi B.L.,1
Tarasovskii V.P.,1
Krasnyi A.B.,1
Adrov O.I.,1
Muckenhaupt J.,1
Kaschell P.,1
Lee J.,1
Lee K.O.,1
Almeida N.,1
Meyer V.,1
Burnet A.,1
Boucher J.,1
Talens-Perales D.,1
Pereira S.,1
Ihalainen P.,1
Levée T.,1
Polaina J.,1
Petit-Conil M.,1
Camarero S.,1
Pinto P.,1
Ali W.,1
Samarasinghe D.A.S.,1
Feng Z.,1
Wilkinson S.,1
Rotimi J.O.B.,1
St-Hilaire C.,1
Bozkuş Kahyaoğlu S.,1
Eltweri A.,1
Faccia A.,1
Khassawneh O.,1
Bian F.,1
Li L.,1
Xia Y.,1
Lei H.,1
Zhang W.,1
Che T.,1
Kang J.,1
Fan S.,1
Mulholland C.,1
Hughes J.,1
Samuel F.,1
Ong S.E.,1
Wong W.C.,1
Lai C.P.,1
Kumar B.R.,1
Granholm S.,1
Mohanty S.S.,1
Pathak S.,1
Florida R.,1
Adler P.,1
King K.,1
Mellander C.,1
Adegoriola M.I.,1
Veuger J.,1
Przhedetsky L.,1
Wang H.,1
Ye Y.,1
Li W.,1
Wang Z.,1
Fleming J.,1
Rousseau W.,1
Zebregs M.,1
van Driel C.,1
Bulguchev M.,1
Yusupova M.,1
Schwochow S.,1
Kaur V.,1
Pinsky E.,1
Shu G.,1
Huo Y.,1
Tian H.,1
Yu G.,1
Zhao M.,1
Weber R.,1
Ramírez-Araujo H.,1
Gaytán-Martínez M.,1
Reyes-Vega M.L.,1
Syed A.M.,1
Li Z.,1
Zhu S.,1
Ouyang Z.,1
Zhu Z.,1
Lyu Q.,1
Mesa‐pedrazas Á.,1
Torrado J.M.,1
Palomares‐linares I.,1
Duque‐calvache R.,1
Elgezeery A.,1
Shalaby M.,1
Elansary A.,1
Hric J.,1
Lin Y.,1
Husain M.F.H.,1
Razali M.N.,1
Jamaludin A.F.,1
Zakaria S.R.A.,1
Yassin A.M.,1
Nazrin A.H.,1
Hamid M.Y.,1
Cho A.,1
Cimalla V.,1
Pezoldt J.,1
Ambacher O.,1
Ribičić M.,1
Dickins L.,1
Guevara M.,1
Duziak D.,1
Celani A.,1
Abdellah W.R.,1
Kim J.-G.,1
Hassan M.M.A.,1
Ali M.A.M.,1
Wrottesley A.,1
AbdulKader M.M.,1
Kumar S.G.,1
Nyström R.,1
Lindgren R.,1
Avagyan R.,1
Westerholm R.,1
Lundstedt S.,1
Boman C.,1
Adejumo A.O.,1
Adeosun J.O.,1
Makinde O.,1
Ayodele T.O.,1
Stratonova L.,1
Riedl M.J.,1
Lukito J.,1
Woolley S.C.,1
Payne W.,1
Knuth S.,1
Mahmoudi D.,1
Sunguroğlu E.,1
Sevgen S.C.,1
Ülger M.,1
Mills D.J.,1
Gotsill D.,1
Benjamin J.D.,1
Jud G.D.,1
Roth K.A.,1
Winkler D.T.,1
Siniak N.,1
Kauko T.,1
Shavrov S.,1
Marina N.,1
Daryono R.W.,1
Yolando A.P.,1
Jaedun A.,1
Hidayat N.,1
Monsanto C.,1
Andriole S.J.,1
Lauterbach-Dammler I.,1
Lefrank P.,1
Furia P.,1
Khandare A.,1
Borges A.F.,1
Silva C.,1
Coelho J.F.J.,1
Simões S.,1
Blakey P.,1
Sailer K.,1
Thomas M.,1
Pachilova R.,1
Lambrinos T.,1
Sun X.,1
Wu M.,1
Lazović T.,1
Ljubojević P.,1
Trišović N.,1
Trišović Z.,1
Hashem T.,1
Alotoum F.J.,1
Allan M.,1
Ali N.,1
Tork N.,1
Amirkhani A.,1
Shokouhi S.B.,1
Sunmoni A.,1
Ajayi S.,1
Guo J.,1
Abbas M.A.,1
Arya V.,1
Naganathahalli P.,1
Shukla S.,1
Cordero-Díaz M.C.,1
Castro-Silva H.F.,1
Rodríguez-Cañas G.A.,1
Janda B.W.,1
Shrestha P.,1
Gurran N.,1
Nasreen Z.,1
Klosterkamp S.,1
Cowan T.,1
Hackworth P.,1
Xiang Y.,1
Jiang Q.,1
Zhou W.,1
Li X.-H.,1
Li M.-Z.,1
Li J.-Y.,1
Gao Y.-Y.,1
Liu C.-R.,1
Hao G.-F.,1
Kwon Y.,1
Lv Z.,1
Ying C.,1
Chen J.,1
Pérez-Calvo M.,1
Shen Y.Z.,1
Ploythanachai P.,1
Taeshapotiwarakun C.,1
Tananpang C.,1
Kim H.,1
Lee M.,1
Argelich Comelles C.,1
Mikhailov N.N.,1
Herbæk L.K.,1
Hansen C.E.D.,1
Clemmensen T.,1
Bittini J.S.,1
Rambaud S.C.,1
Pascual J.L.,1
Moro-Visconti R.,1
Parmentola A.,1
Simoni M.,1
Tutore I.,1
Prakash A.,1
Sridhar S.B.,1
Wali A.F.,1
Talath S.,1
Shareef J.,1
Malviya R.,1
Kim T.G.,1
Shim H.C.,1
Kim J.H.,1
Jia X.,1
Gu J.,1
Nikonorov N.V.,1
Aseev V.A.,1
Harrison D.M.,1
Yang L.,1
Ciaramella A.,1
Tariq M.U.,1
Moore A.,1
Giannoni C.,1
Kirby N.,1
Doffman N.,1
Cruz Rambaud S.,1
López Pascual J.,1
Mäntymäki M.,1
Salmela H.,1
Turunen M.,1
Rai K.N.,1
Gowda C.L.L.,1
Reddy B.V.S.,1
Sehgal S.,1
Cohen V.,1
Kiaulakis A.,1
Vilutienė T.,1
Christofi M.,1
Soukhteh Kolaee A.S.,1
Ghaffari R.,1
Ahmadian Divkoti M.M.,1
Mestrovic D.,1
Miculinic L.,1
de la Cal A.S.,1
Raya A.M.,1
Morales-Alonso G.,1
Zahari Wan Yusoff W.,1
Ismail M.,1
Newell G.,1
Tiwari P.,1
Shukla J.,1
Dryjanski M.,1
Buczkowski M.,1
Ould-Cheikh-Mouhamedou Y.,1
Kliks A.,1
Banaitiene N.,1
Cataldo I.,1
Banaitis A.,1
Saiz A.,1
Grechanyuk N.I.,1
Osokin V.A.,1
Grechanyuk I.N.,1
Minakova R.V.,1
Croissant J.L.,1
Rhoades G.,1
Slaughter S.,1
Xiong C.,1
Cheung K.S.,1
Levy D.S.,1
Allen M.,1
Benduch D.,1
Adiga S.,1
Hemalatha K.G.,1
Desai B.,1
Ichsan Ali M.,1
Arfandi A.,1
Lopa A.T.,1
Miftah Fauzan M.,1
Mascia L.,1
Davies I.,1
Dimmock J.,1
Barlow J.,1
Zapata L.,1
Castelein J.,1
Mercier J.P.,1
Fripiat J.J.,1
van Meerbeck A.,1
de la Faille M.,1
van Russelt M.,1
Parks F.J.,1
Daykin C.W.,1
Heron G.F.,1
Hugget R.,1
Liu X.W.,1
Qi X.W.,1
Ghalandar T.,1
Skazlić M.,1
Tomičić I.,1
Albnian A.A.,1
Alhafnawi M.F.A.,1
Ante L.,1
Wazinski F.-P.,1
Saggu A.,1
Raab M.,1
Akgerman A.,1
Orlandini G.,1
Temby O.,1
O'Connor R.,1
Kovalova E.,1
Vartiak L.,1
Mamala A.,1
Grzebinoga J.,1
Kwaśniewski P.,1
Kiesiewicz G.,1
Ściȩzor W.,1
Nowak A.,1
Kordaszewski S.,1
Kowal R.,1
Zasadzińska M.,1
Makhlouf Y.,1
Azzamouri A.,1
Bonaldo G.G.,1
Nogueira P.F.,1
Torovets T.,1
da Silva T.F.,1
Núñez-Barriopedro E.,1
Ramírez-Orellana A.,1
Ou W.,1
Ryghaug M.,1
Ornetzeder M.,1
Skjølsvold T.M.,1
Throndsen W.,1
Wang G.-Y.,1
Hua Z.,1
Asami Y.,1
Anon,1
"Xu Y., Sr.",1
Lo M.Y.,1
Yiu K.M.,1
Alshater M.M.,1
Hanif W.,1
El Khoury R.,1
Mensi W.,1
Setchkova M.,1
Fithri P.,1
Hasan A.,1
Games D.,1
Syafrizal S.,1
Viriato J.C.,1
Wainwright T.,1
Kaur T.,1
Solomon P.,1
Sato G.,1
Nishiyama H.,1
Goudie I.S.,1
Göppinger S.,1
Luque J.,1
Marcato G.,1
Mete M.O.,1
Coaracy G.R.,1
Mattarocci G.,1
Scimone X.,1
Ansari A.,1
Singh V.V.,1
Gupta A.K.,1
Souza L.A.,1
Koroleva O.,1
Martin C.,1
Becker A.,1
Derrick N.,1
Salehi M.,1
Adibian M.S.,1
Khansalar E.,1
MERIGOLD P.A.,1
Saginor J.,1
Louzada F.,1
de Lacerda K.J.C.C.,1
Ferreira P.H.,1
Gomes N.D.,1
Salami M.A.,1
Tanrıvermiş H.,1
Tanrıvermiş Y.,1
Saull A.,1
Baum A.,1
Braesemann F.,1
Budov V.V.,1
Egorova L.S.,1
Deepa B.G.,1
Senthil S.,1
Zaiba S.,1
Danish D.S.,1
Tripathi K.,1
Bruno A.,1
Guo X.,1
Levi O.,1
Prudenziati M.,1
Hormadaly J.,1
Al-haimi B.,1
Khalid H.,1
Zakaria N.H.,1
Pogrebnjak A.D.,1
Krivets A.S.,1
Shaimardanov Zh.K.,1
Syrnev B.V.,1
Plotnikov S.V.,1
Maksakova O.V.,1
Karmakar B.,1
Halder G.,1
Ouchlif A.,1
Kabba O.,1
Guendour M.,1
Hajji H.,1
Aitelkadi K.,1
Arreortua L.A.S.,1
Barrero-Rescalvo M.,1
Dudkin M.S.,1
Shchelkunov L.F.,1
Altankhuyag A.,1
Brown S.,1
Huang J.,1
Zou Z.,1
Sasani Babak S.,1
Malaekeh S.,1
Atalla S.,1
Gawanmeh A.,1
Tarapiah S.,1
Chandrate S.,1
Dharkar S.,1
Nehete P.,1
Patani N.,1
Seethanathan I.,1
Naeem N.,1
Rana I.A.,1
Nasir A.R.,1
Punetha A.,1
Saraswat S.,1
Rai J.P.N.,1
Hammervold R.,1
Kvarme T.W.,1
Oust A.,1
Stefansen B.,1
Sønstebø O.J.,1
Solazzo G.,1
Elia G.,1
Passiante G.,1
Samonte M.J.C.,1
Dacalaño N.B.,1
Esguerra C.J.M.,1
Potestades R.A.P.,1
Jiang Z.,1
Rai A.,1
Sun H.,1
Nie C.,1
Hu Y.,1
Doherty P.,1
Deipenbrock G.,1
Natva A.K.,1
Sunkara S.,1
Pai R.R.,1
Croccolo D.,1
Kakde V.,1
Jagtap S.,1
Baxi S.,1
Laxane T.,1
Kapse M.,1
Patil T.,1
Patel S.,1
Shah S.,1
Thacker R.,1
Gonge S.,1
Joshi R.,1
Kotecha K.,1
Agrawal R.,1
Dhore M.,1
Manahov V.,1
Li M.,1
Hauser S.,1
Oparina I.B.,1
Kolmakov A.G.,1
Fehrmann R.,1
Santini C.,1
Wen H.,1
Signorini M.,1
Ekman P.,1
Raggio R.D.,1
Thompson S.,1
Jolivet V.,1
Alba-Carmichael M.,1
Eden H.,1
Hensse J.,1
Müller V.,1
Porter L.,1
Landau-Ward A.,1
Kitchin R.,1
Dawkins O.,1
Young G.,1
Bates L.K.,1
Litmanovich A.D.,1
Tupikova N.N.,1
Murray S.,1
Deng H.,1
Nejad E.,1
Comelles C.A.,1
Bellintani S.,1
Latif S.N.F.A.,1
Nawawi A.H.,1
Wahab M.A.,1
Aranha E.A.,1
Carvalho S.,1
Krygina A.M.,1
Krygina N.M.,1
Vanetta A.,1
Hu M.R.,1
Kuang W.,1
Shi Y.,1
Olivares-Tenorio M.-L.,1
Cortes-Prieto C.-M.,1
Londoño-Univio N.-C.,1
Rojas-Díaz D.-A.,1
Quintanilla-Carvajal M.-X.,1
Tibaquira-Perez L.-N.,1
Ricaurte-Puentes L.-Y.,1
Rada-Bula A.-I.,1
Romero H.-M.,1
Garcia-Nuñez J.-A.,1
Shatan N.,1
Newman K.,1
Crosby Donald G.,1
Roark M.L.,1
Fox O’Mahony L.,1
Harth C.,1
Maqbool R.,1
Gledson B.,1
Mihna F.K.H.,1
Sallal H.A.,1
Al-Seedi L.A.E.,1
Al-Tameemi H.A.,1
Habeeb M.A.,1
Khaleel Y.L.,1
Mohammed D.A.,1
Bawa A.S.,1
Anilakumar K.R.,1
Kuo T.-Y.,1
Shih Y.-C.,1
Lee Y.-C.,1
Chang H.-H.,1
Hsiao Z.-C.,1
Chiang C.-W.,1
Li S.-M.,1
Hwang Y.-J.,1
Ko C.-T.,1
Chen Y.-H.,1
Deepak R.,1
Shiva Kumar V.,1
Venkatagiri J.,1
Suhasini N.,1
Keerthana P.,1
Dalal Y.M.,1
Luna S.M.,1
Xu J.,1
Tigwell G.W.,1
Papangelis K.,1
Ehrenberg M.,1
Sivie N.,1
McKay J.,1
Guo Q.-W.,1
Cai H.-N.,1
Wang F.-C.,1
Cheng X.-W.,1
Wang S.-C.,1
Fan Q.-B.,1
Wad A.,1
Béchaux S.,1
Ehlinger-Martin A.,1
Panzini M.I.,1
Gesheva K.A.,1
Dimova-Malinovska D.,1
Marshall J.M.,1
Maud J.M.,1
Latikka R.,1
Bergdahl J.,1
Savela N.,1
