country,count
United States,115
China,55
United Kingdom,53
India,44
Australia,42
Germany,26
South Korea,26
Malaysia,25
Spain,23
Italy,20
Russian Federation,19
Indonesia,14
Sweden,12
Brazil,11
Canada,10
United Arab Emirates,10
France,9
Viet Nam,9
Thailand,8
Singapore,8
Finland,8
Iran,8
Egypt,7
Portugal,7
Poland,6
Netherlands,6
Belarus,6
Japan,6
Colombia,6
Jordan,5
Costa Rica,5
Norway,5
Lithuania,5
Morocco,4
South Africa,4
New Zealand,4
Iraq,4
Turkey,4
Mexico,4
Hong Kong,4
Saudi Arabia,3
Taiwan,3
Slovakia,3
Nigeria,3
Hungary,2
Algeria,2
Romania,2
Oman,2
Tunisia,2
Serbia,2
Denmark,2
Croatia,2
Pakistan,2
Ireland,2
C and EN Washington,1
Materials Characterization Research Group,1
Cyprus,1
Greece,1
Belgium,1
Liverpool John Moores University,1
De Montfort University Dubai,1
Bahrain,1
Slovenia,1
North Macedonia,1
C CONRADTY,1
Austria,1
CHFT,1
Lebanon,1
Chance Pilkington Ltd.,1
Israel,1
Ukraine,1
Kazakhstan,1
Palestine,1
Philippines,1
USA,1
Bulgaria,1
