source,count
Journal of Property Investment and Finance,9
Corporate Real Estate Journal,8
Sustainability (Switzerland),8
Journal of European Real Estate Research,7
IOP Conference Series: Earth and Environmental Science,6
Property Management,6
AIP Conference Proceedings,6
Buildings,5
Springer Proceedings in Business and Economics,4
Digital Geography and Society,4
"Intellectual Property Rights in Science, Technology, and Economic Performance: International Comparisons",3
Lecture Notes in Computer Science (including subseries Lecture Notes in Artificial Intelligence and Lecture Notes in Bioinformatics),3
Lecture Notes in Electrical Engineering,3
Urban Geography,3
Geoforum,3
,3
Management for Professionals,3
American Journal of Public Health,3
Chemical and Engineering News,2
Zhidkie Kristally i Ikh Prakticheskoe Ispol'zovanie,2
Urban Studies,2
Journal of Portfolio Management,2
Journal of Green Engineering,2
Nature Biotechnology,2
Environment and Planning D: Society and Space,2
Korean Journal of Construction Engineering and Management,2
Microsystem Technologies,2
Lecture Notes in Networks and Systems,2
"Proceedings of the International Astronautical Congress, IAC",2
Lecture Notes in Computer Science,2
Smart and Sustainable Built Environment,2
Refractories and Industrial Ceramics,2
Journal of Real Estate Research,2
City,2
Facilities,2
ACM International Conference Proceeding Series,2
Urban Book Series,2
Journal of Risk and Financial Management,2
Journal of Real Estate Finance and Economics,2
Transactions of the Institute of British Geographers,2
Ogneupory i Tekhnicheskaya Keramika,2
Revista de Derecho Civil,1
IBSSC 2022 - IEEE Bombay Section Signature Conference,1
Community Development Journal,1
Building Engineer,1
"IAMOT 2016 - 25th International Association for Management of Technology Conference, Proceedings: Technology - Future Thinking",1
International Journal of Entrepreneurship and Innovation Management,1
Acta Horticulturae,1
Tijdschrift voor Economische en Sociale Geografie,1
The Future of Real Estate Education: From Pedagogy to Technology,1
Opto-Electronics Review,1
Computer Aided Chemical Engineering,1
Journal of Sustainable Real Estate,1
Adhaesion,1
"Proceedings - 2025 International Conference on Recent Innovation in Science Engineering and Technology, ICRISET 2025",1
The Routledge Handbook of FinTech,1
International Journal of Data Analysis Techniques and Strategies,1
GM crops & food,1
"Proceedings - 2015 6th International Conference on Intelligent Systems Design and Engineering Applications, ISDEA 2015",1
Handbook of Measuring System Design: Sydenham/Measuring,1
Planning Malaysia,1
Open Agriculture Journal,1
"Ethics, Medicine and Public Health",1
Critical Housing Analysis,1
Tourism and Hospitality Management,1
Micromachines,1
Journal of Marketing Theory and Practice,1
Chemical Engineering World,1
BWK- Energie-Fachmagazin,1
Al-Qadisiyah Journal for Engineering Sciences,1
Risks,1
Hydrotechnical Construction,1
International Journal of Housing Policy,1
Pacific Rim Property Research Journal,1
Physical Acoustics,1
"Bioactive Glasses: Materials, Properties and Applications",1
Electronic Library,1
Energy Policy,1
Nongye Gongcheng Xuebao/Transactions of the Chinese Society of Agricultural Engineering,1
Electronics (Switzerland),1
Laws,1
CAMX 2015 - Composites and Advanced Materials Expo,1
Journal of the Chinese Cereals and Oils Association,1
Sixties,1
Proceedings - RoEduNet IEEE International Conference,1
Built Environment Journal,1
Neural Computing and Applications,1
Revista Panamericana de Salud Publica/Pan American Journal of Public Health,1
"Micro- and Biofluidics: Structure, Properties, Technology and Spotlight into the Future",1
Research and Innovation Policy: Changing Federal Government-University Relations,1
"Control Engineering and Information Systems - Proceedings of the International Conference on Control Engineering and Information System, ICCEIS 2014",1
Strategies and Policies in Digital Convergence,1
"Vaccines as Technology: INNOVATION, BARRIERS, AND THE PUBLIC HEALTH",1
Cryptography,1
International Review of Management and Marketing,1
"Intellectual property, technology transfer and genetic resources. An OECD survey of current practices and policies",1
"IEEE Region 10 Annual International Conference, Proceedings/TENCON",1
"Proceedings - 2017 Chinese Automation Congress, CAC 2017",1
"7th International Conference on Inventive Computation Technologies, ICICT 2024",1
Yejin Fenxi/Metallurgical Analysis,1
Biofuels,1
Digital Transformation: Organizational Challenges and Management Transformation Methods,1
International Journal of Urban and Regional Research,1
Giesserei,1
IEEE Access,1
"Proceedings - 2009 International Conference on New Trends in Information and Service Science, NISS 2009",1
GCCE 2025 - 2025 IEEE 14th Global Conference on Consumer Electronics,1
"Research Handbook on Housing, the Home and Society",1
Big Data: A Road Map for Successful Digital Marketing,1
"2022 Optical Fiber Communications Conference and Exhibition, OFC 2022 - Proceedings",1
Journal of Chemical and Engineering Data,1
"IEEE International Conference on Data Mining Workshops, ICDMW",1
Computational Urban Science,1
High Polym,1
International Journal of Innovative Technology and Exploring Engineering,1
Journal of Facilities Management,1
SAGE Open,1
"Opuntia spp.: Chemistry, Bioactivity and Industrial Applications",1
TECHNIKA SMAROWNICZA,1
"Proceedings - 31st IEEE International Conference on Advanced Information Networking and Applications Workshops, WAINA 2017",1
Indian Journal of Forensic Medicine and Toxicology,1
International Journal of Information Management,1
"Advancing Real Property Valuation: AI, Drones and Emerging Digital Technologies in Professional Practice and Education",1
Telematics and Informatics,1
Quality and Quantity,1
Wool Textile Journal,1
Fibers,1
Quimica Nova,1
Intangible Capital,1
Environmental Reviews,1
"Bioactive Glasses: Materials, Properties and Applications, Second Edition",1
"Graphene: Synthesis, Properties, Technology and Applications",1
World Economy and International Relations,1
Indian Journal of Information Sources and Services,1
Telematics and Informatics Reports,1
Chemical and Petroleum Engineering,1
Journal of Real Estate Portfolio Management,1
Geo-Informations-Systeme,1
Journal of Big Data,1
International Journal of Molecular Sciences,1
"Accounting, Finance, Sustainability, Governance and Fraud",1
"Proceedings - 2009 International Conference on Computational Intelligence and Software Engineering, CiSE 2009",1
Food and Bioprocess Technology,1
Architectural Thinking in a Climate Emergency,1
International Journal of Housing Markets and Analysis,1
"Mining with backfill. Proceedings of the international symposium, Lulea, 7-9 June 1983.",1
Organizational Resilience and Leadership issues in the dynamic era,1
California Law Review,1
The Future of Real Estate,1
Information Communication and Society,1
"2023 24th International Conference on Electronic Packaging Technology, ICEPT 2023",1
International Journal of Energetic Materials and Chemical Propulsion,1
Tianjin Daxue Xuebao (Ziran Kexue yu Gongcheng Jishu Ban)/Journal of Tianjin University Science and Technology,1
Trends in Food Science and Technology,1
Blockchain in Real Estate: Theoretical Advances and New Empirical Applications,1
Energies,1
Social Inclusion,1
Life Science Journal,1
"Applied Data Science in FinTech: Models, Tools, and Case Studies",1
Real Estate Management and Valuation,1
Business Informatics,1
Journal of Physics D: Applied Physics,1
Proceedings of the International Conferences IADIS Information Systems 2025 and e-Society 2025,1
PropTech and Real Estate Innovations: A Guide to Digital Technologies and Solutions in the Built Environment,1
Issues in Environmental Science and Technology,1
Blockchain for Hospitality and Tourism: A Guide to the Future,1
Geosystem Engineering,1
GEO: connexion,1
Journal of Supercomputing,1
Energy and Fuels,1
International Journal of Building Pathology and Adaptation,1
Social Media and Society,1
"19th International Scientific Conference: Wood is Good - Properties, Technology, Valorisation, Application, Proceedings",1
Future of Business and Finance,1
IOP Conference Series: Materials Science and Engineering,1
Journal of Physics: Conference Series,1
Journal of Information Technology Research,1
Advanced Analytics and Deep Learning Models,1
Journal of Controlled Release,1
IEEE Microwave Magazine,1
Buildings and Cities,1
"Proceedings of 2024 5th International Conference on Big Data Economy and Information Management, BDEIM 2024",1
Structural Integrity and Life,1
Intellectual Property and Clean Energy: The Paris Agreement and Climate Justice,1
Quality - Access to Success,1
"Engineering Science and Technology, an International Journal",1
Advances in Intelligent Systems and Computing,1
"Aibi, Revista de Investigacion Administracion e Ingenierias",1
"Paper Conference and Trade Show, PaperCon 2014",1
Plant Biotechnology Journal,1
Asian Review of Financial Research,1
PLoS ONE,1
Gases in Agro-food Processes,1
Advanced Materials Research,1
International Journal of Professional Business Review,1
European Review of Private Law,1
ECMOR 2008 - 11th European Conference on the Mathematics of Oil Recovery,1
Management Decision,1
Bioprinting,1
"Journal of Logistics, Informatics and Service Science",1
Chinese Journal of Medical Science Research Management,1
"2026 International Conference Laser Optics, ICLO 2026 - Proceedings",1
Journal of the Architectural Institute of Korea,1
Exploring the Use of Metaverse in Business and Education,1
Artificial Intelligence: Law and Regulation,1
Comprehensive Reviews in Food Science and Food Safety,1
Technology in Society,1
International Journal of Services and Operations Management,1
WIT Transactions on the Built Environment,1
"Journal of Entrepreneurship, Management and Innovation",1
Journal of Corporate Real Estate,1
A Research Agenda for Real Estate,1
IEEE Internet of Things Magazine,1
Elgar Concise Encyclopedia of Artificial Intelligence and the Law,1
International Journal of Strategic Property Management,1
Human Technology,1
Problemy Spetsial'noj Electrometallugii,1
"Bulletin of Science, Technology and Society",1
Housing Studies,1
Geographic Information Systems Odyssey Journal,1
Applied AI and Blockchain in Global Real Estate,1
Cypriot Journal of Educational Sciences,1
Gummi Asbest Kunstst,1
Applied Mechanics and Materials,1
Gradevinar,1
"Studies in Systems, Decision and Control",1
Finance Research Letters,1
Metallurg,1
ACS Symposium Series,1
IET Conference Proceedings,1
Journal of Policy History,1
International Journal of Economics and Financial Issues,1
"METAL 2017 - 26th International Conference on Metallurgy and Materials, Conference Proceedings",1
International Conference on Operations Research and Enterprise Systems,1
"Handbook of Goldenberry (Physalis peruviana): Cultivation, Processing, Chemistry, and Functionality",1
WSDM 2025 - Proceedings of the 18th ACM International Conference on Web Search and Data Mining,1
Management Research,1
Cuadernos de Economia,1
Journal of Theoretical and Applied Information Technology,1
New Frontiers in Regional Science: Asian Perspectives,1
Construction Specifier,1
PropTech Innovations in Real Estate Investment and Finance: Sustainable Futures,1
Borsa Istanbul Review,1
Environment and Planning A,1
"Proceedings of the 18th ACM International Conference on PErvasive Technologies Related to Assistive Environments, PETRA 2025",1
Technology Transfer,1
Real Estate Economics,1
Transactions in GIS,1
World Patent Information,1
The New Era of Real Estate: An Analysis of Business Models in the Proptech Industry,1
"4th International Conference on Innovative Practices in Technology and Management 2024, ICIPTM 2024",1
Business and Society Review,1
The Australian Journal of Optometry,1
Stats,1
Geliotekhnika,1
Research handbook on climate change and trade law,1
Augmented and Virtual Reality in Industry 5.0,1
Environmental Science and Pollution Research,1
CEUR Workshop Proceedings,1
"Printed Films: Materials Science and Applications in Sensors, Electronics and Photonics",1
Surveillance and Society,1
Habitat International,1
International Journal of Information Management Data Insights,1
"Proceedings of the 6th International Conference Nanomaterials: Applications and Properties, NAP 2016",1
"Biodiesel Production: Feedstocks, Catalysts, and Technologies",1
Innovations in Optimization and Machine Learning,1
Bitacora Urbano Territorial,1
Voprosy pitaniia,1
Qualitative Market Research,1
Journal of Geomatics,1
"International Conference on Emerging Trends and Innovations in ICT, ICEI 2026",1
Smart Construction and Sustainable Cities,1
World Journal of Microbiology and Biotechnology,1
Journal of Knowledge Management,1
Information Systems Research,1
Unlocking the Metaverse: A Strategic Guide for the Future of the Built Environment,1
European Business Law Review,1
"Proceedings - 2025 IEEE International Conference on Compute, Control, Network and Photonics, ICCCNP 2025",1
"Adhesives: Mechanical Properties, Technologies and Economic Importance",1
Rethinking Real Estate: A Roadmap to Technology's Impact on the World's Largest Asset Class,1
"2025 3rd DMIHER International Conference on Artificial Intelligence in Healthcare, Education and Industry, IDICAIHEI 2025",1
International Review of Financial Analysis,1
Betonwerk und Fertigteil-Technik/Concrete Plant and Precast Technology,1
Inorganic Materials: Applied Research,1
"Proceedings of the 33rd International Business Information Management Association Conference, IBIMA 2019: Education Excellence and Innovation Management through Vision 2020",1
"Ionic Liquids: Synthesis, Properties, Technologies and Applications",1
Rethinking Real Estate: a Roadmap to Technology’s Impact on the World’s Largest Asset Class,1
"ICCREM 2025: Decarbonization and Digitalization of the Built Environment-Shaping Resilience in a Changing World, Proceedings of the International Conference on Construction and Real Estate Management 2025",1
Industria,1
"IEEE 2nd International Smart Cities Conference: Improving the Citizens Quality of Life, ISC2 2016 - Proceedings",1
International Journal of Cuban Studies,1
Kuste,1
Planning Theory and Practice,1
Canadian Conference on Electrical and Computer Engineering,1
"Revista de Internet, Derecho y Politica",1
Journal of Technology Management and Innovation,1
"Advanced Materials, Structures and Mechanical Engineering - Proceedings of the International Conference on Advanced Materials, Structures and Mechanical Engineering",1
Ceramurgia,1
Journal of Banking and Finance,1
Journal of Food Composition and Analysis,1
"Housing, Theory and Society",1
Journal of Consumer Policy,1
Mesopotamian Journal of Big Data,1
Journal of Food Science and Technology,1
Proceedings - Electronic Components and Technology Conference,1
"3rd IEEE International Conference on Data Science and Network Security, ICDSNS 2025",1
Handbook of the Metaverse,1
Cailiao Gongcheng/Journal of Materials Engineering,1
Nouvelles Dermatologiques,1
"Thick Films: Properties, Technology and Applications",1
Solar Energy Materials and Solar Cells,1
FAIM 2014 - Proceedings of the 24th International Conference on Flexible Automation and Intelligent Manufacturing: Capturing Competitive Advantage via Advanced Manufacturing and Enterprise Transformation,1
Poetics,1
